drop database if exists snet0611;
create database if not exists snet0611 character set = utf8mb4;

use snet0611;

drop table if exists users;
create table users(
	id serial primary key, -- bigint unsigned not null auto_increment unique
	firstname varchar(50) not null comment 'Имя пользователя',
	lastname varchar(50) not null comment 'Фамилия пользователя',
	email varchar(120) not null unique comment 'Почта email',
	phone varchar(20) not null unique comment 'Телефон',
	birthday date comment 'День рождения',
	home_town varchar(100) comment 'Домашний город',
	gender enum ('male', 'female') not null comment 'Пол',
	photo_id bigint unsigned comment 'Идентификатор фото',
	created_at datetime default now(),
	updated_at datetime default current_timestamp on update current_timestamp,
	pass char(40) not null comment 'Пароль',
	index phone_idx(phone),
	index users_firstname_lastname_idx(firstname, lastname)
);

INSERT INTO users VALUES
  (default, 'Geovanni', 'Bergnaum', 'stamm.kraig@example.net', '112-919-4583x9134', '2000-03-06', 'North Wardfort', 'male', '798', '2016-12-19 14:11:18', '1982-12-17 06:35:36', '0b94378dbf4068c74d11cf838dc2ede481505108'),
  (default, 'Isom', 'Terry', 'turcotte.anabel@example.com', '+33(1)3654738241', '1976-07-18', 'Spinkafurt', 'female', '185', '1982-10-09 04:30:22', '2006-03-12 12:09:40', 'dd4466a7c94ad38779ea7d1f7a583a383f10b63a'),
  (default, 'Josh', 'Greenholt', 'jakayla.jacobson@example.net', '+60(5)0531561669', '1983-03-19', 'West Clementfort', 'female', '755', '2017-03-18 15:13:11', '1986-12-09 20:44:31', '0a82fb7b40a2d13033f0f4387e3bb8fe33ec678d'),
  (default, 'Shaina', 'Hessel', 'rashad98@example.com', '203.945.4035', '2015-01-10', 'Preciousport', 'female', '155', '1997-01-05 12:46:26', '2012-07-23 13:03:27', '2f4aa93de7a0985c782448b5aea9479a16500ca5'),
  (default, 'Fritz', 'Hintz', 'hulda.koss@example.net', '976.126.9077x30258', '1997-03-07', 'New Sabrinastad', 'female', '254', '1983-11-11 13:17:28', '1982-05-11 14:01:48', 'bc4f53a35876a83fe04964ea1d4a9419aca77f42'),
  (default, 'Jamey', 'Torp', 'juwan50@example.net', '(968)318-5512', '1997-06-16', 'South Albatown', 'male', '663', '1973-12-06 07:16:44', '2009-11-28 22:58:23', 'c40cdac2f6fc3e2739d685b1a6e9d9ebbe1b8277'),
  (default, 'Izaiah', 'Rosenbaum', 'mckenna19@example.net', '782-812-4982x12412', '1988-09-09', 'North Maegan', 'male', '217', '2008-01-26 23:42:28', '1988-07-28 01:38:58', '89aa4e20cd521d579275bac676cdbd26c5d552e4'),
  (default, 'Erik', 'Tillman', 'chase.morar@example.net', '+85(7)0174141812', '1986-04-02', 'East Russel', 'male', '399', '2014-08-14 07:43:14', '1983-10-09 19:55:02', '30f0842815425e84153009ff3a8548a3be649bf2'),
  (default, 'Ramiro', 'Becker', 'wstoltenberg@example.org', '097.241.0873x6221', '1990-05-23', 'Odieberg', 'male', '548', '1993-07-17 09:55:36', '1974-05-13 01:39:28', '49d67c844ab99d1413bada65b834db1270f6d4d6'),
  (default, 'Soledad', 'Dach', 'turner.gage@example.com', '(752)617-9534', '2019-06-28', 'Doylefurt', 'male', '368', '1989-10-11 14:23:49', '2010-08-29 16:57:08', '9c6aecd4ef66dd5dabf62ef9d2bba9267c4150c4'),
  (default, 'Bernard', 'Schroeder', 'lucile06@example.com', '08645610475', '1972-06-06', 'Conroyhaven', 'male', '804', '2018-02-13 17:44:15', '2005-01-20 15:41:36', '7a624eac1a99db4234be9e195366621e48e3bb6d'),
  (default, 'Ara', 'Wehner', 'harris.rudolph@example.org', '01766116928', '1982-06-16', 'Gutkowskiton', 'male', '682', '2009-08-02 01:36:03', '1978-12-25 20:01:44', '5bc0e6f3e2342caa4abca999661dba23e702dcff'),
  (default, 'Orion', 'Thompson', 'gerard.breitenberg@example.net', '09093180125', '2015-05-06', 'Avishaven', 'female', '872', '2000-10-08 07:14:24', '2004-01-15 23:53:41', '1b2d45beeccf8bd5e9dda14f12ebc4f633766b19'),
  (default, 'Tomasa', 'Orn', 'golden.moore@example.com', '847-098-6854x8457', '2020-02-01', 'Fridachester', 'male', '687', '2010-02-25 20:24:48', '2001-01-06 19:26:12', 'f327d5ab219ef1678ff8c99aab5acf03ff2d6891'),
  (default, 'Patricia', 'Windler', 'adeline.greenfelder@example.org', '(729)188-1713', '1983-09-06', 'Hammesstad', 'female', '678', '1995-11-20 16:26:47', '1971-08-01 17:03:05', '14b7e6b5082fab84508e006f9719cf0482705c42'),
  (default, 'Antonia', 'Terry', 'hoyt.kassulke@example.net', '132.435.1092x86938', '1992-03-23', 'East Ceasarview', 'male', '739', '2016-08-27 09:07:43', '2007-03-07 23:23:45', '8ee66c04717bd38e079f6287a8c3e72ef736cec5'),
  (default, 'Trystan', 'Bogisich', 'btoy@example.org', '+95(4)6525808968', '1992-09-09', 'Kulasbury', 'female', '748', '2002-10-13 00:59:03', '1999-01-15 00:29:55', '8093d147e3cf425e2070ac86d25657622e6a3e60'),
  (default, 'Amelie', 'Collins', 'fweber@example.net', '(992)048-9593x61508', '1979-11-04', 'Russhaven', 'female', '567', '1994-11-05 11:48:38', '2018-10-09 07:54:20', '42e0e60321a4bbf929fa32f596655a0854a895e8'),
  (default, 'Katelyn', 'Emmerich', 'giovanni88@example.org', '400.760.3104x04294', '2004-05-25', 'Koelpinton', 'male', '254', '1992-10-03 17:57:07', '1972-12-26 21:18:38', '412683625702413bd1ac0111c47081ebb07cce8e'),
  (default, 'Kimberly', 'Barrows', 'willa.becker@example.com', '261.082.0359', '2018-04-10', 'Kautzerside', 'male', '172', '2017-08-01 14:35:55', '2012-12-05 08:23:18', '21c9cd1616fa98273f7fd2369f4a4397af92a620'),
  (default, 'Elsa', 'Swaniawski', 'prohaska.enoch@example.org', '(105)521-4728', '1973-05-10', 'Rutherfordborough', 'male', '127', '1987-05-31 18:48:27', '1974-12-19 10:04:16', '8076ac0b45bde39749854dadc4eec16ab5f06527'),
  (default, 'Brendan', 'Stracke', 'norbert.bauch@example.com', '435-930-5492x41294', '1999-09-02', 'Kurtistown', 'female', '332', '2003-04-01 13:44:03', '1992-08-04 23:49:40', '91836dccdb2fa01cb5b33262f8a782b72e6688ea'),
  (default, 'Margret', 'Koch', 'isabelle.mckenzie@example.org', '348-526-6474x35938', '2017-04-19', 'Domenicofurt', 'female', '375', '1974-11-15 10:03:42', '1970-11-03 03:32:19', 'd867e87ad1eb873ad1ae3e28178820a376b01b48'),
  (default, 'Maybell', 'Kautzer', 'ferry.meagan@example.org', '(959)572-8426x0750', '2002-02-06', 'Skilesland', 'male', '609', '2009-09-24 19:55:49', '1976-11-26 23:40:42', 'd81cb4c1806ea2a2ab580ad47767e7fbb3f547b9'),
  (default, 'Arely', 'McGlynn', 'deon.greenholt@example.org', '459.257.8600x223', '1973-07-13', 'East Elise', 'female', '616', '1990-05-03 12:58:53', '1972-08-10 09:09:23', 'f020e5f5ae9235724109f9bd25e122294dbd62a7'),
  (default, 'Steve', 'Connelly', 'dorris.okuneva@example.org', '07394455022', '1996-04-28', 'Gloverstad', 'female', '873', '2010-12-28 10:21:19', '1970-06-22 12:56:26', 'ac3dc23ed1a4a6ec812a314dd73a5b734681e42c'),
  (default, 'Ocie', 'Abshire', 'ansel.kulas@example.org', '(344)928-0380x343', '2010-10-26', 'North Wilfredotown', 'male', '451', '1989-05-19 21:40:19', '2014-02-01 08:09:08', '09a1b3ff712d96287c71ebc1511ff71450b1defb'),
  (default, 'Ida', 'Mante', 'astrid.beer@example.com', '1-139-386-0345x320', '2004-09-21', 'Gerlachmouth', 'male', '938', '1985-09-19 14:23:58', '1993-06-06 10:07:43', 'dde1e89cec7e1f66ee67de44d7ee6c25ed11ae20'),
  (default, 'Zetta', 'Wilderman', 'gusikowski.laurie@example.com', '1-864-941-7844x052', '1998-01-29', 'Leannafurt', 'male', '454', '2011-10-09 08:52:34', '1991-12-22 14:40:53', '3c9fc44ef1f4aaa0727e464786f28a9cd06430c1'),
  (default, 'Mariana', 'Oberbrunner', 'crist.bernadine@example.org', '296-929-8506', '1990-08-08', 'Sibylberg', 'female', '753', '1976-02-24 01:25:39', '2009-09-11 20:32:53', '3204b53ef72b35e19b3c291335e03c857e467a2e'),
  (default, 'Terrence', 'Tromp', 'fryan@example.org', '+73(0)1641065057', '1987-07-22', 'East Hanktown', 'male', '522', '1991-10-22 07:09:59', '2013-04-19 20:47:30', '214f457341b593fde2880750680d640574c5cb63'),
  (default, 'Terence', 'Mante', 'wuckert.jocelyn@example.com', '+09(5)6447649448', '1990-05-17', 'Gustavehaven', 'male', '77', '2020-04-23 02:58:09', '2016-07-29 20:47:54', 'de7010dddb690f59778bab4af9cbd839953244a6'),
  (default, 'Alicia', 'Predovic', 'annabel41@example.org', '1-417-665-2253', '1996-05-29', 'Lake Maybelle', 'female', '359', '2015-09-24 12:24:37', '2002-09-06 21:01:52', '406a2bfcd72fb179d6b96d9e267ad22efb8ad609'),
  (default, 'Elena', 'Blick', 'ryan.adriana@example.net', '501.224.4433x152', '1978-07-29', 'New Pasquale', 'female', '524', '1987-02-25 20:42:52', '1980-09-11 09:09:05', 'c14548a609f9372f01f530666bb18a73f5dec051'),
  (default, 'Abdullah', 'Keebler', 'cayla65@example.net', '(461)019-2115', '1996-07-16', 'Hartmannland', 'female', '818', '1970-06-01 21:10:44', '1971-02-23 17:27:23', '349aef1bb5f30860c5885a6686b5b6f0fb8428ed'),
  (default, 'Fletcher', 'Rohan', 'veum.eugene@example.net', '1-304-594-6446x3413', '1990-10-28', 'North Mae', 'female', '533', '1998-08-02 07:44:30', '1988-11-19 11:32:59', '09b5313d89b4553147c1a7f506ed5337826a31da'),
  (default, 'Camden', 'Champlin', 'raven89@example.com', '08133973595', '1973-01-30', 'Garthborough', 'male', '936', '1980-05-14 16:50:17', '2010-10-10 06:22:44', '070c486d2b2673e93ee4721a8afb6073caeed9d6'),
  (default, 'Armand', 'Kertzmann', 'everette.blanda@example.net', '+68(7)6027617867', '2005-09-25', 'East Kattiefurt', 'female', '64', '1987-06-08 08:11:28', '1972-04-07 10:06:03', '29ba967bebc0a5980e573f274d8b24142dc80055'),
  (default, 'Richie', 'Schoen', 'alexys.weissnat@example.org', '607.293.5137', '1985-10-28', 'West Doylefort', 'female', '112', '2015-05-23 03:34:01', '1971-03-09 11:19:15', '859e1bdb1a424554f96cf9744bd2a996c95f1915'),
  (default, 'Rollin', 'Raynor', 'cgreenfelder@example.net', '724.997.2651x7237', '2000-09-10', 'Candidoport', 'female', '427', '2009-12-17 14:05:04', '1982-01-08 05:19:11', '8711bbdc7a77cca899c7d43392ed1b285eafd81f'),
  (default, 'Rolando', 'Murphy', 'fleta62@example.net', '+16(9)7661706052', '1979-05-03', 'Katlynberg', 'female', '862', '1974-01-01 16:55:05', '2020-04-01 11:33:45', '5778b316585214e67e1669c958b6cd15306dbe24'),
  (default, 'Weldon', 'Miller', 'roslyn88@example.org', '444-156-1699', '1984-02-03', 'Daxhaven', 'female', '590', '1995-08-28 11:31:37', '1997-03-23 09:05:10', '616bc9b1b1d23a1ecc8676e9a7577cc1ecb838d8'),
  (default, 'Emmy', 'Murray', 'carley.funk@example.org', '614.471.8399', '2004-07-22', 'Nicofurt', 'female', '916', '2018-03-29 01:33:45', '1971-01-12 13:21:58', 'bfd280912b6a006eb64ea1dc7d8e1707b2c80497'),
  (default, 'Skyla', 'Sawayn', 'sheldon47@example.com', '+48(0)5242762874', '2012-08-27', 'East Tabitha', 'female', '654', '2010-01-08 17:41:28', '2009-03-10 10:10:22', '904b51b7181299b407151e266295acad2e56f102'),
  (default, 'Missouri', 'Sawayn', 'iswift@example.com', '767-859-8175x854', '1972-11-12', 'West Keagan', 'female', '980', '2020-11-05 11:36:26', '2018-03-09 22:06:13', 'cb0c42cc48102591760b1f4f01311d150af738dc'),
  (default, 'Lennie', 'Abshire', 'oceane57@example.com', '09406508125', '2012-01-05', 'Thielberg', 'female', '924', '2007-12-29 22:39:55', '1989-03-05 15:39:00', '5e0d4ab148bffa07d7118d439d82305406a8e8eb'),
  (default, 'Collin', 'Prohaska', 'mercedes.murray@example.com', '194.791.5487x0581', '1986-05-17', 'Alberthabury', 'male', '783', '2005-01-07 13:35:07', '2011-11-05 04:55:59', '4235da7446b85bb9c1c97af958cca67af3e4ebde'),
  (default, 'Dylan', 'Stark', 'ella.harris@example.com', '+29(5)2693227790', '1974-05-28', 'Barrowston', 'male', '916', '2004-02-22 16:04:13', '1999-11-06 05:03:21', '9e2f14e1aff6383ccdfe86d9c6554f37634e83f2'),
  (default, 'Taryn', 'Gorczany', 'mabel24@example.com', '648.904.4471', '1970-03-07', 'Allisonview', 'male', '324', '2018-09-13 09:38:09', '2012-01-21 12:23:41', '5ee11ae4d2df2ce4ec1d8c9276ae4debdf0efed1'),
  (default, 'Isai', 'Lind', 'lind.fabiola@example.net', '(109)105-3719x73009', '1972-09-07', 'West Luis', 'female', '60', '2012-03-17 13:10:36', '2001-06-14 09:26:05', '1aa2a73ad1647e29e6d858af73ac2944a325dce5'),
  (default, 'Imani', 'Littel', 'hilll.alexandrea@example.com', '(817)994-7267', '1988-07-22', 'New Hilda', 'male', '959', '2005-11-09 11:39:28', '1978-09-18 07:29:20', 'ecc97088a7d5d4f32a390834d493e6b6da0b2ee1'),
  (default, 'Raina', 'Carter', 'jacinto74@example.org', '1-725-907-1466', '1997-12-04', 'South Adam', 'female', '997', '1981-01-20 07:10:05', '1991-08-28 22:58:01', '269ca1b21a9c6124074ca1de42d78d06feceae46'),
  (default, 'Bartholome', 'King', 'tconnelly@example.org', '652-126-0223x880', '1996-06-15', 'Nikolausview', 'female', '550', '2007-05-26 06:21:48', '2004-06-06 12:45:54', '3acca803e56b6b8744cf530e5bfaf1e86f869b95'),
  (default, 'Raoul', 'White', 'sigmund35@example.org', '473-670-2752x4488', '1971-06-02', 'New Mosheberg', 'female', '184', '2009-07-07 11:07:15', '2007-05-29 16:47:59', '03c77777a68e9c50724c6e259d82ea454adf29d3'),
  (default, 'Duncan', 'Pfeffer', 'quincy48@example.org', '+25(0)3998453214', '1989-10-11', 'Watersview', 'female', '41', '1972-10-20 13:51:23', '1997-12-28 23:21:08', '5d0527ab314ad5f3760cfa701ae6d4ecc1df6cc0'),
  (default, 'Daisy', 'Wiegand', 'wkunze@example.com', '+46(2)7595022879', '1992-04-05', 'Bahringerville', 'female', '48', '1986-09-14 03:41:30', '1973-12-18 10:33:29', 'e07bea4d992ea84ff7e2cd342fc32bcea9f71df7'),
  (default, 'Pierre', 'Murazik', 'marlee88@example.org', '1-492-851-2001', '1994-01-03', 'Macejkovicland', 'female', '900', '1990-11-02 07:49:32', '1970-05-15 17:04:35', 'd7a216ebceedc3890f3f86d6af8e5ea733b79633'),
  (default, 'Genoveva', 'Mayert', 'kwaters@example.org', '389.996.6253x82969', '2019-02-18', 'Cordiefort', 'female', '278', '2006-04-06 11:50:43', '2011-02-08 23:33:13', '2f9a67571a7efd25a25d8ece10b5f5d587d546d1'),
  (default, 'Marjolaine', 'Johnston', 'tkris@example.org', '+73(3)3179865902', '1975-11-21', 'Germanbury', 'male', '785', '2011-02-20 04:58:05', '1999-12-09 07:49:22', '24764b020f2e2cf29832d447dabdf47963403ee8'),
  (default, 'Mitchell', 'Upton', 'viviane.brown@example.org', '04865827857', '2007-10-13', 'North Juanita', 'male', '889', '1992-05-04 08:21:20', '2009-01-07 17:54:36', '11bc8861a308acbf0f6f008e5eba2475c189b93e'),
  (default, 'Waldo', 'Hammes', 'gvon@example.org', '697-622-4165', '1980-02-23', 'Handside', 'male', '906', '2004-08-14 03:46:32', '1980-03-06 03:18:22', '90d7394bd58d3fccc62dec6a9e9847387742f982'),
  (default, 'Bridgette', 'Botsford', 'upagac@example.org', '(431)033-6617x705', '1993-01-11', 'North Brandonfort', 'male', '131', '1999-12-23 21:47:26', '1977-03-06 13:12:31', '84c50ff7af8915544a62d56b3e56f2c56aa6ddbf'),
  (default, 'Tressa', 'Cartwright', 'ideckow@example.net', '979.988.0644x41456', '1992-01-13', 'North Haley', 'male', '566', '1981-05-11 15:11:10', '1975-07-12 09:15:30', '883b211f1bb2246c0f25d548ea045134e0055b4e'),
  (default, 'Lesly', 'Breitenberg', 'reichert.tatyana@example.org', '(634)079-3058x27936', '2002-07-18', 'West Ottilie', 'female', '899', '1975-10-30 06:34:32', '1990-01-11 05:07:23', '444a231ccd1a73d1c6628c864818aafeb6736061'),
  (default, 'Laurel', 'Hermiston', 'wwill@example.com', '1-548-599-9278x157', '1975-01-25', 'West Eribertohaven', 'male', '320', '2003-01-05 05:02:55', '1997-10-16 06:50:47', '982cdf354836d069f875397eb95959ffd1ae9547'),
  (default, 'Jorge', 'Dietrich', 'ruth.thiel@example.net', '827.179.1588x5973', '1977-05-12', 'Marquardtmouth', 'female', '27', '1972-03-23 00:23:40', '1974-02-25 05:12:50', '0476f34f6c397810f39925dd121e5814f0ace143'),
  (default, 'Enrique', 'Larkin', 'leuschke.lucio@example.net', '1-428-330-8241', '1996-06-24', 'Norvalmouth', 'male', '420', '1970-10-29 12:05:24', '2020-01-06 11:34:26', '184d8389b1bc23a7c9d53f268e67687b4aec07ae'),
  (default, 'Ambrose', 'Terry', 'little.keagan@example.com', '792-974-1838', '2017-02-09', 'West Joannemouth', 'male', '615', '1978-11-12 08:27:27', '2007-10-25 22:59:39', 'c3832fa2c8af34474993f245bb0ca24582bb8da4'),
  (default, 'Fatima', 'Jast', 'lspencer@example.org', '1-976-899-0228', '1976-08-18', 'Emilieton', 'male', '877', '1998-07-06 23:36:27', '1972-03-07 15:14:10', '50efba98d5e51bfeac7b1df1485e9d057df9a65c'),
  (default, 'Alanis', 'Torp', 'rodriguez.myriam@example.net', '063.649.4095x6838', '1979-08-22', 'Franciscoview', 'female', '726', '1994-09-04 14:29:38', '2007-05-26 22:43:28', 'acd22a0ef56a70db468bca0d64981f5c60d264b9'),
  (default, 'Broderick', 'Bogan', 'garett18@example.org', '343-386-9130x9978', '2015-02-09', 'New Rudolphberg', 'female', '287', '1978-01-04 03:23:49', '2005-05-26 11:03:10', '6f6f6bc7bacbe5398e1064099b8e9c6f44677d72'),
  (default, 'Alycia', 'Hills', 'noelia.murphy@example.net', '035-399-3186', '1978-02-02', 'Cleveland', 'female', '710', '1974-03-09 12:28:17', '2000-10-04 06:51:25', '08d0fe36f8bfc4b82811b9f921037cc7bd784263'),
  (default, 'Paxton', 'Gleason', 'rkautzer@example.net', '(051)108-6977x921', '2018-04-28', 'Levistad', 'female', '847', '1997-07-22 09:02:24', '2007-04-18 19:27:58', '513a8e7961b59e35b73700b792c2bd8b0287ac70'),
  (default, 'Avis', 'O\'Kon', 'zemlak.flossie@example.net', '855-900-2158x3518', '1988-10-26', 'South Aditya', 'female', '293', '1974-03-21 17:15:37', '1988-12-24 13:22:40', 'f9f488bac4f8bd432311d864c4972146ea3a98ad'),
  (default, 'Buster', 'Grant', 'berniece.macejkovic@example.net', '1-962-642-7808x73848', '2019-08-15', 'West Martyburgh', 'female', '408', '1994-05-02 09:27:04', '2019-07-25 18:18:20', 'b1ced8577b30935bc25d63188dc07a0a81fcc19c'),
  (default, 'Yolanda', 'Pagac', 'rocky44@example.com', '(285)196-3194x474', '2015-08-13', 'Port Chadfurt', 'male', '702', '2013-03-29 13:28:57', '1985-12-25 07:17:06', 'c5f61b338edf9174ef458baf3ab783fd669a552d'),
  (default, 'Anabel', 'Reichert', 'nkub@example.net', '111-946-6381x3097', '1982-05-12', 'Murphybury', 'female', '485', '1970-06-06 00:37:42', '1990-06-30 21:09:02', '3d6c67bfec6744151f90c8c795ff3964ef5ef3a8'),
  (default, 'Terrence', 'Baumbach', 'vpadberg@example.com', '930-149-4839x66818', '2000-08-25', 'Port Kristinhaven', 'female', '95', '1979-08-05 12:22:41', '2017-03-03 02:06:00', 'af53cc2e2d64bdf2c795a4b25cb3c260989f70e5'),
  (default, 'Isom', 'Hoeger', 'hubert47@example.org', '394-072-7797x45338', '1978-03-22', 'North Della', 'male', '324', '1998-06-19 12:30:10', '2007-08-01 05:58:31', '67bb38fd7e37e50e029fd1c7585a0f9dc61d4ea4'),
  (default, 'Olga', 'Connelly', 'tabitha.huel@example.net', '477-399-1698x9898', '2012-09-20', 'West Jeffreybury', 'male', '621', '1993-05-16 02:08:35', '1981-07-15 23:00:56', '7ad70812203c536c8794122ff3bdfd07811bffdc'),
  (default, 'Jennings', 'Tromp', 'fmurazik@example.com', '1-743-658-7753x416', '2006-03-19', 'Port Raechester', 'female', '440', '1993-06-22 03:16:11', '1981-08-09 18:31:21', '3d3099414deee6870fa3250518e39590bb1d6e99'),
  (default, 'Nikita', 'Feest', 'oberbrunner.terry@example.com', '(361)736-5962', '1972-05-19', 'East Blake', 'male', '168', '1971-02-18 11:24:56', '1982-10-19 09:05:37', '7d4868812bd496213b31cf7fc2b84373729e138a'),
  (default, 'Katlynn', 'Schowalter', 'aufderhar.geovany@example.com', '+82(5)9277759085', '1970-01-12', 'Bartolettifort', 'male', '485', '2015-01-19 08:27:54', '1997-11-11 23:40:07', 'a1d3c1a40f76e37561164801e689d92ba9ac7a6e'),
  (default, 'Mathew', 'Hilpert', 'jlegros@example.org', '591.753.9351x7175', '2004-07-30', 'Javonteville', 'female', '307', '1973-07-11 12:39:19', '2007-09-25 18:28:57', '72927e69ae0a066d6114477cd6b455efe2d7d848'),
  (default, 'Kade', 'Kuhic', 'tod76@example.org', '04598067583', '1977-03-18', 'Bergnaumtown', 'female', '14', '2015-05-27 21:04:59', '1982-07-02 08:28:42', '125dd6863e4c398012221b0b3604dd6dc83e6c76'),
  (default, 'Reid', 'Friesen', 'ava.purdy@example.com', '038.561.4423x977', '2020-07-18', 'Babyshire', 'male', '116', '2010-12-03 21:34:15', '2003-12-05 23:10:57', '70f858754194c61a29abd24aab619987a924df34'),
  (default, 'Joesph', 'Marvin', 'samanta54@example.com', '(788)844-8729x1738', '1981-08-26', 'Rafaelamouth', 'female', '517', '1990-05-27 03:53:59', '2011-06-22 10:04:17', '3bc68dfd85181a667f9a60df40b568934ee1982e'),
  (default, 'Krystal', 'Hills', 'ivory84@example.net', '508-891-5589', '2009-11-02', 'Tarynmouth', 'female', '691', '1972-01-28 14:32:51', '1989-12-23 16:35:51', '32dc20e0f248a543e1d03751c7c7b01daf101c6c'),
  (default, 'Merle', 'Bahringer', 'don32@example.net', '07074522807', '1998-03-17', 'Abshireland', 'male', '5', '2008-11-10 01:10:19', '1995-01-03 09:04:31', '48bf45b2146f7c593503e427d77984338606c4cf'),
  (default, 'Harley', 'Kovacek', 'ystreich@example.com', '1-433-511-0210', '2004-06-27', 'Bruenview', 'male', '397', '2013-07-01 06:55:34', '1990-08-22 20:04:56', 'a0ead79e274abf299af8335b423ce8cde183772b'),
  (default, 'Nettie', 'Hyatt', 'tmorar@example.org', '(756)030-4292x063', '1978-11-08', 'Monserrathaven', 'female', '795', '2019-01-12 00:23:06', '2020-07-11 18:03:34', '97e4d9b330bf9374043af65b76327279c982be04'),
  (default, 'Lane', 'Hudson', 'grant.rollin@example.com', '561.165.3363x8035', '1972-03-04', 'Reidton', 'male', '304', '1991-06-23 03:36:22', '1975-03-09 20:44:28', 'a784c2bbb55a9bec9bdaf8dc0ae28b7c007be7d1'),
  (default, 'Creola', 'Dooley', 'rolfson.ransom@example.org', '381.641.5543x4913', '2015-03-26', 'South Leo', 'female', '804', '2001-02-04 04:42:01', '2014-07-07 22:00:48', '38c93d4125e821ae367a84a2852cb1a520f4008b'),
  (default, 'Litzy', 'Goodwin', 'pollich.kraig@example.net', '241-677-2362', '1977-02-04', 'Constantinmouth', 'female', '967', '2015-04-23 22:43:29', '1991-10-06 04:33:19', '60e6368a8f5d8981910016fffc915b2d338deb33'),
  (default, 'Judge', 'Mueller', 'ilynch@example.net', '(833)520-8692x00002', '2004-07-14', 'Bashirianchester', 'male', '198', '1972-08-08 00:44:37', '2011-08-09 11:06:26', 'becd3aa36a7fd7169dfce06e022969ee456d3768'),
  (default, 'Dillan', 'Beatty', 'lubowitz.justine@example.com', '901.094.8751', '1998-11-11', 'Kutchport', 'male', '104', '1992-12-24 05:42:28', '1983-05-30 04:10:43', '640971447a0625c21bbe68669f5179721f62bf7c'),
  (default, 'Jazlyn', 'Stokes', 'fernando.koepp@example.net', '1-486-112-2020x44838', '1993-05-22', 'East Mikebury', 'female', '351', '2020-04-10 13:44:35', '2005-09-11 07:08:27', '31dc1661c048f9270968bb7482bbe4be04ecf845'),
  (default, 'Claire', 'Barton', 'dcrona@example.net', '349.083.0325', '1987-02-15', 'North Hughshire', 'female', '732', '2016-10-16 10:03:04', '1979-02-11 08:14:23', '37cf2e6ffeff8fe1a5d30e6df37f60fac369974e'),
  (default, 'Kale', 'Schumm', 'pouros.retha@example.com', '(790)057-2734x9697', '1979-08-08', 'Wisozkville', 'male', '697', '2014-07-07 21:46:48', '1994-05-01 05:35:04', '7e73a7ec0714ecb887ebca475adf07ccef484ca1'),
  (default, 'Roxane', 'Mayer', 'koss.william@example.org', '708-385-5003x579', '2013-12-22', 'Kesslerberg', 'female', '843', '1977-12-28 09:46:54', '2006-10-27 04:15:37', '8e0cb3fa7c7002c88e63056ddb9977b9399eeb8a');

drop table if exists messages;
create table messages (
	id serial primary key,
	from_user_id bigint unsigned not null,
	to_user_id bigint unsigned not null,
	message text,
	is_read bool default 0,
	created_at datetime default now(),
	foreign key (from_user_id) references users(id),
	foreign key (to_user_id) references users(id)
);

INSERT INTO messages VALUES 
  ('1', '94', '52', 'Aspernatur nesciunt ad unde placeat harum cupiditate. Dolorem est similique esse dolorem quo natus voluptatibus. Ut esse dolor est dolor numquam ad. Voluptatibus tempora vel harum fugiat.', 0, '1975-03-27 13:26:59'),
  ('2', '69', '11', 'Qui qui eos accusantium ut. Molestiae ipsa natus a vel repudiandae debitis exercitationem. Ut quam asperiores optio consequatur iure consequatur. Velit doloribus molestiae temporibus totam odio dolores.', 1, '1997-03-30 17:25:34'),
  ('3', '85', '77', 'Id omnis est consequatur voluptatem eligendi reprehenderit. Aliquid asperiores sint reprehenderit qui nemo qui amet. Non velit aut voluptatem qui rerum doloribus voluptatem. Eum ut facere perspiciatis.', 1, '1976-05-08 10:21:40'),
  ('4', '76', '3', 'Omnis quidem quis eius aliquam eaque. Porro sunt est qui impedit ut dolor. Et qui quas ullam veniam ipsa. Odit maiores minima numquam consequuntur ab nihil.', 0, '1999-02-16 21:39:03'),
  ('5', '39', '2', 'Consequuntur necessitatibus ducimus ut qui. Earum ut eaque sunt sint amet occaecati quis. Et rerum nihil et consequatur. Impedit sunt nemo quibusdam adipisci nobis cupiditate.', 0, '2019-12-14 10:14:32'),
  ('6', '27', '4', 'Provident possimus porro inventore aut. Tenetur provident doloremque asperiores impedit et sunt. Quasi nostrum consequatur aut non qui.', 0, '1983-02-07 12:59:22'),
  ('7', '28', '45', 'Quae voluptates qui harum est. Nihil inventore sint libero et beatae sed. Provident doloremque consequuntur possimus sunt cumque dolorem doloribus.', 0, '2000-04-01 03:33:26'),
  ('8', '73', '7', 'Consequatur voluptatibus itaque praesentium dignissimos et porro. Vel fuga alias totam. Veniam aperiam quis et explicabo.', 1, '2008-01-09 14:51:34'),
  ('9', '42', '42', 'Repudiandae eius mollitia possimus eveniet et quo numquam. Error eos aut accusantium sequi. Sunt aut ea temporibus eveniet consequatur. Velit qui et quidem laboriosam nihil.', 0, '2001-04-19 05:56:17'),
  ('10', '43', '80', 'Enim natus et voluptatem odio rerum eum. Rerum cumque omnis quibusdam aut molestias deserunt perferendis omnis.', 1, '2003-08-17 00:24:06'),
  ('11', '12', '25', 'Id delectus eos perspiciatis inventore voluptates veniam. Reprehenderit debitis maiores exercitationem quod. Earum est perferendis et totam temporibus.', 0, '2019-07-24 14:56:13'),
  ('12', '29', '86', 'Qui dicta sequi perspiciatis. Odio ad qui nostrum. Libero maiores omnis sapiente autem illo sapiente fugit.', 0, '2009-09-27 16:42:41'),
  ('13', '11', '20', 'A accusamus iure non. Et quaerat nulla quis perspiciatis cumque saepe. Rerum et quisquam pariatur in facilis excepturi. Perferendis aliquam sit omnis est.', 0, '1983-01-28 07:46:29'),
  ('14', '77', '2', 'Nulla et debitis aspernatur fugiat. Excepturi eos quibusdam fugiat ratione dicta non. Iusto quisquam sed aliquid dicta voluptas. Ea cum hic numquam molestiae.', 0, '1996-11-18 09:29:24'),
  ('15', '15', '18', 'Provident quo eligendi sint sequi magnam dicta. Dolorem velit fugiat consequatur eos veniam. Dolorum dolore tenetur tempora recusandae. Totam labore dicta est enim sint quis.', 0, '1996-05-27 10:42:57'),
  ('16', '19', '8', 'Illo est cum qui corporis recusandae. Iure eius accusantium qui eum ab reiciendis. Vitae qui et expedita fugiat quos hic praesentium sequi. Et dolore ut debitis eveniet perferendis iste.', 1, '1999-07-31 23:18:49'),
  ('17', '70', '87', 'Et sint voluptatibus corrupti. Aperiam in expedita blanditiis vel illum accusamus repudiandae. Voluptatum rem officia est laudantium autem.', 0, '2007-12-10 00:58:33'),
  ('18', '18', '55', 'Est doloremque dicta rerum facilis. Architecto voluptates et autem facere. Nihil maxime et non quibusdam. Eum ut quos et soluta cum.', 0, '1994-05-16 03:25:58'),
  ('19', '64', '94', 'Quas alias similique qui necessitatibus ex dolores. Hic quia corrupti odit quia sed ea ut.', 0, '1974-03-11 01:22:08'),
  ('20', '57', '2', 'Soluta illum natus sed nulla autem. Molestiae beatae eos sequi. Et voluptatem temporibus iusto quis. Aut autem eos quis neque nihil.', 0, '2010-11-02 17:59:44'),
  ('21', '96', '83', 'Aliquid eligendi et consectetur quo perspiciatis nesciunt. Iure aut exercitationem et autem eum autem. Quo ut sapiente qui cum itaque.', 0, '1984-06-02 06:39:27'),
  ('22', '5', '23', 'Et aut aliquid officiis ipsam dolor occaecati. Neque consectetur et itaque qui amet deleniti incidunt. Qui nam suscipit est officia hic architecto sint.', 0, '1982-01-14 06:13:01'),
  ('23', '28', '78', 'Autem incidunt exercitationem enim fugiat eos illo consequatur. Alias minima eaque quam eligendi temporibus. Cumque totam modi doloribus ratione. Iusto omnis tempora fugit aut.', 1, '1993-10-26 07:03:10'),
  ('24', '29', '70', 'Est perferendis error nihil inventore consequatur est ut. Odit magni molestias et. Et sed ea nihil. At sunt excepturi libero et sed laboriosam animi iure. Enim voluptas nam quod atque odit rem mollitia delectus.', 0, '2009-08-02 15:28:09'),
  ('25', '20', '72', 'Doloribus cupiditate culpa excepturi adipisci est quibusdam. Tempora hic qui quos itaque debitis aspernatur. Soluta beatae quod qui sint explicabo.', 0, '1973-04-21 00:24:57'),
  ('26', '50', '31', 'Animi voluptatum aut aliquid quas. Ratione voluptas in ut dolorem nihil. Voluptatem impedit perferendis qui nam dignissimos et delectus eaque. Eligendi suscipit corporis adipisci sed debitis iste sit. In harum eos et nisi aut velit et.', 0, '2017-01-27 14:41:51'),
  ('27', '97', '78', 'Fuga delectus et quidem quo quia. Quasi earum delectus praesentium quis in omnis. Voluptatem officia delectus quis ratione ad ipsam velit.', 1, '1985-05-07 18:21:30'),
  ('28', '16', '7', 'Et adipisci ducimus aut qui. Est delectus quasi ut est. Sit rem aut aspernatur rerum praesentium aut et.', 1, '2013-10-21 15:19:16'),
  ('29', '98', '93', 'Enim porro sint voluptate mollitia vel aut repellendus. Nesciunt molestiae pariatur reiciendis qui iusto qui aut. Id qui sit reprehenderit quod omnis. Sit sint sunt nisi animi. Aliquid quis tempora et voluptas omnis enim aliquam.', 0, '1970-10-23 07:55:07'),
  ('30', '8', '12', 'Non aut provident ut. Quia velit delectus sit voluptas ut. Ipsum incidunt saepe et libero est possimus.', 1, '1976-12-23 04:15:46'),
  ('31', '10', '27', 'Dicta quo placeat ut minima molestiae earum dicta provident. Aliquam quidem impedit eos voluptatibus. Omnis laborum debitis et quod. Atque animi repellat repellendus.', 0, '1993-10-03 04:13:52'),
  ('32', '19', '79', 'Quia alias quibusdam officiis facilis et sunt. Aut in sed et explicabo rerum ut. Dolorum praesentium neque porro cupiditate et.', 0, '1988-02-26 20:47:44'),
  ('33', '14', '37', 'Quas quo adipisci beatae sapiente necessitatibus saepe. Ullam hic enim enim vel architecto aliquid.', 0, '1996-03-19 07:33:15'),
  ('34', '34', '77', 'Error quod quis commodi quisquam vel voluptatibus porro magni. Est dolorem tempore reprehenderit. Distinctio illum eos in dolore esse ex minima.', 0, '1977-03-21 23:28:50'),
  ('35', '31', '90', 'Quia ut cupiditate fugit nulla corporis et. Vitae officia esse similique non cupiditate et. Quia quis adipisci adipisci atque perspiciatis quae.', 0, '1980-05-31 04:43:36'),
  ('36', '79', '26', 'Voluptatem ut dolore repellendus aperiam quia necessitatibus ipsa dolorem. Consequatur non tempore ipsum et id ipsa. Sequi et quos officiis molestiae dolore omnis ut. Quos earum dolores aperiam voluptates.', 0, '1994-01-11 14:29:11'),
  ('37', '73', '84', 'Dolorem qui nam dicta sed occaecati aperiam repudiandae. Rem qui exercitationem pariatur consequatur et non. Praesentium nostrum minus facere quis.', 1, '1994-07-21 22:42:17'),
  ('38', '48', '1', 'Nulla a quidem ipsam eius veritatis ut. Labore deleniti voluptatibus ea non id quia. Quia ut modi et et dolores enim molestiae ut.', 0, '2002-10-23 01:45:46'),
  ('39', '61', '77', 'Minima eius velit facilis aut repellendus et. Maiores illum hic et voluptatum ut sed. A impedit inventore tempora.', 1, '2014-07-04 06:04:27'),
  ('40', '70', '81', 'Omnis laudantium placeat hic repellat. Maxime nostrum est sunt nesciunt voluptate. Rerum et excepturi molestias et deleniti.', 0, '2003-05-04 22:34:55'),
  ('41', '49', '20', 'Et reprehenderit error consequuntur facilis animi ea voluptates. Nesciunt quaerat necessitatibus illo et mollitia quos. Repudiandae sit modi et eos omnis deleniti aut.', 1, '2010-08-04 01:25:00'),
  ('42', '11', '45', 'Esse maiores id et et aut voluptatem et ipsam. Perferendis repudiandae et tempora odio quis est ab. Consectetur numquam ut est cumque eum soluta sunt. Voluptas pariatur numquam doloribus rerum.', 0, '1975-04-14 06:29:05'),
  ('43', '98', '27', 'Iste cupiditate occaecati natus aut repellat tempora. Debitis omnis voluptas ut deserunt quisquam iusto nesciunt. Dicta in qui dolore delectus nemo aut. Fugiat itaque est aspernatur consequatur quia exercitationem debitis. Est autem tempore voluptas mollitia sequi iure.', 0, '2002-07-18 06:12:54'),
  ('44', '51', '95', 'Aut voluptates voluptatem beatae quia. Voluptatem inventore vero qui earum facere id. Fuga placeat incidunt non dolore. Et eum ipsum aut eum cumque.', 0, '2016-04-20 20:31:47'),
  ('45', '19', '59', 'Quia sed quia error sit maxime accusantium. Illum distinctio quo rerum a. Est eligendi maiores suscipit debitis dicta est illum. Non aut molestias eligendi cum aut omnis illo.', 1, '2017-02-06 17:59:34'),
  ('46', '7', '29', 'Sit est natus eveniet quia sit excepturi. Ut voluptatem provident natus sed accusamus ab distinctio odit. Ratione itaque repudiandae aut in. Animi harum odio iusto alias.', 0, '2016-08-21 17:16:42'),
  ('47', '86', '25', 'Soluta veniam officiis consequatur fugiat eius. Deserunt expedita hic aperiam omnis nihil sint. Sit non non ut unde. Nihil molestias sit similique qui quidem cupiditate.', 0, '1983-07-22 16:54:20'),
  ('48', '8', '99', 'Maxime autem ipsam repellat unde voluptas. Mollitia quas id repellat et cumque. Nostrum molestiae reiciendis numquam.', 0, '2000-02-21 22:47:19'),
  ('49', '62', '41', 'Fugit quisquam et optio vero nihil. Aspernatur earum labore voluptatem aut. Aut veritatis debitis quis autem. Et quis dolorum dolorum odit tenetur ratione sit aliquam.', 1, '2009-05-13 20:49:56'),
  ('50', '75', '92', 'Ea pariatur quas sunt a. Ut ea veniam deleniti expedita sit. Est quis dolor eos suscipit ut. Asperiores fugit ab reprehenderit in. Dolorem in id nam reiciendis magnam.', 1, '1974-08-14 04:00:43'),
  ('51', '30', '54', 'Ducimus voluptates et omnis dolores. Et minus eos expedita molestiae et. Quidem inventore repellendus illo vitae.', 0, '2013-05-21 11:43:11'),
  ('52', '17', '3', 'Doloribus aliquid non deserunt sed aut. Est error eaque quam. Perspiciatis vel quibusdam aut nihil.', 0, '1990-10-23 11:48:47'),
  ('53', '37', '65', 'Dignissimos dolor hic nostrum sit eum dignissimos. Error consequatur repudiandae facilis et nisi laborum sit quia. Magnam quia doloremque doloribus expedita tempora quaerat. Fugit esse voluptatum est laudantium aut iure sequi.', 1, '1983-05-13 13:59:14'),
  ('54', '3', '98', 'Quasi laudantium assumenda voluptatem mollitia quis nostrum. Minus quia eius distinctio numquam pariatur tenetur eveniet. Quis et modi qui magnam consectetur commodi beatae. Non assumenda rem illo dolores cum atque deleniti.', 0, '2020-07-19 06:22:25'),
  ('55', '41', '73', 'Ipsum nisi cupiditate quasi molestiae officia esse voluptatibus. Qui repudiandae dolor unde. Sed ipsum quia ipsum. Consequatur odit quasi esse nihil totam ducimus expedita. Magnam doloribus autem quia vitae.', 0, '2007-02-02 06:47:02'),
  ('56', '78', '89', 'Repellendus nobis aliquid tempora veniam magnam labore. Quibusdam molestiae voluptas deleniti exercitationem voluptatem velit vel aut. Ex aliquid quia libero quae consequatur.', 0, '1991-03-06 00:07:19'),
  ('57', '92', '88', 'Animi voluptas laboriosam aperiam aperiam dolorem ratione. Laboriosam explicabo reiciendis qui omnis praesentium.', 1, '1980-03-08 04:50:10'),
  ('58', '34', '90', 'Reprehenderit omnis nulla eligendi laboriosam officiis. Sint et eum iusto maiores ea et. Id voluptatem dolore et beatae quas expedita perferendis.', 0, '2003-12-21 16:37:59'),
  ('59', '14', '85', 'Quibusdam aut nisi modi optio. Enim aut eum assumenda est corrupti accusamus. Voluptate eveniet magni nobis eos odit ratione et officiis.', 1, '2005-07-02 01:36:04'),
  ('60', '84', '33', 'Culpa minima modi quibusdam ex. Nemo veniam et repellat et. Non voluptatem reprehenderit nam quis quia expedita.', 0, '1988-09-01 11:44:11'),
  ('61', '43', '91', 'Velit dolor esse blanditiis voluptas illo voluptatem. Hic atque nostrum ut itaque in veritatis. Atque perferendis corrupti ex in consequatur.', 0, '2009-08-16 18:03:45'),
  ('62', '61', '29', 'Non sed ut sit repellat veniam. Nihil deleniti doloribus nesciunt et. Doloribus vero nihil quia fugit minus.', 0, '2016-03-12 19:06:48'),
  ('63', '16', '69', 'Voluptatem est in ut sint molestias. Doloribus omnis necessitatibus deleniti laborum qui. Modi quis et nihil quidem quo dolorum. Quasi tenetur incidunt sit magnam architecto nobis repudiandae.', 0, '1987-12-27 06:47:18'),
  ('64', '27', '77', 'Et voluptatem ducimus sunt quam eaque tenetur. Perspiciatis voluptatibus modi autem expedita. Laudantium minima omnis dolores itaque nobis. Similique placeat similique veniam nisi. Provident ut quisquam ipsa aut occaecati ex omnis.', 1, '2013-08-18 21:53:35'),
  ('65', '9', '2', 'Maiores consequuntur aut at consectetur odit. Eaque delectus maiores vel. Sequi quod non dolorem maiores natus harum ipsum.', 0, '1984-02-23 06:05:40'),
  ('66', '69', '39', 'Mollitia et doloremque voluptas quasi. Dignissimos nulla maxime ut necessitatibus doloremque. Unde cupiditate pariatur laudantium quos et et. Quae molestias eligendi ut quos dolore est itaque labore.', 1, '2019-01-28 03:47:09'),
  ('67', '55', '85', 'Dolores neque non id sint atque velit. Consequatur saepe alias aliquid facilis quia voluptas enim. Mollitia sunt sit officia in. Est velit eum quisquam dolorum occaecati sit enim alias.', 1, '2002-02-26 17:44:33'),
  ('68', '41', '92', 'Reiciendis non ullam et est enim nisi voluptatem. Et excepturi sed et reiciendis quia ab perferendis. Assumenda magni veritatis dolorem non. Repellat et quis est.', 1, '1991-05-13 05:30:41'),
  ('69', '50', '44', 'Necessitatibus voluptatum sed soluta molestias ea ut quia minus. Voluptatem inventore quia magnam est. Et ullam consequatur dolorum neque at necessitatibus tempore. Fuga qui dolore perspiciatis reiciendis possimus. Ipsam ratione dolores et vitae dolores commodi maxime.', 1, '1992-11-24 01:56:32'),
  ('70', '89', '91', 'Laboriosam sed aspernatur ea numquam earum laudantium error. Ex quod esse aut. Sit qui dignissimos nulla omnis atque maiores. Id quaerat et accusamus.', 0, '1972-01-06 20:32:52'),
  ('71', '16', '66', 'Aut perferendis sapiente necessitatibus nisi eligendi. Blanditiis dignissimos soluta dolorum mollitia dolor ut. Est sapiente esse qui. Eum qui dolore similique sit.', 0, '2019-02-02 05:54:54'),
  ('72', '80', '8', 'Maiores sed sit earum non aut. Tempore placeat autem reprehenderit qui quia molestias cupiditate vel. Officia iusto tempora molestiae qui et non. Reiciendis earum ut praesentium nobis ut eligendi quia. Dolor eos sint velit quia fugiat dolores.', 0, '2019-01-07 18:17:52'),
  ('73', '54', '13', 'Nihil in perferendis et fugiat possimus. Nostrum doloribus quidem consequatur ut quo possimus. Dolorem velit modi quod maiores qui.', 0, '1974-11-20 01:57:54'),
  ('74', '97', '67', 'Est ex inventore velit. Ipsam qui explicabo rerum maiores non explicabo unde. Nesciunt laborum consequatur error deleniti quod dignissimos. Sunt voluptates excepturi modi consequuntur est minus est.', 1, '2010-09-11 09:04:06'),
  ('75', '97', '81', 'Optio sequi laborum quia. Porro aut delectus temporibus necessitatibus eos.', 0, '1978-12-27 14:12:55'),
  ('76', '100', '40', 'Totam in et expedita saepe velit excepturi laudantium. Omnis quasi dicta voluptatem dolorum. Modi et porro consequatur rerum. Non aut nihil repellat vero.', 0, '1980-08-14 13:41:10'),
  ('77', '71', '60', 'Nihil iure nemo sed omnis est voluptatum et placeat. Exercitationem aut harum modi nemo. Cupiditate voluptatem nihil voluptatum pariatur cupiditate amet.', 1, '2002-01-29 13:05:25'),
  ('78', '68', '87', 'Et dolorem ipsam ullam aut. Non repellendus cumque pariatur et aspernatur est. Distinctio distinctio sapiente impedit modi provident aut non. Culpa non ullam debitis.', 1, '1995-09-09 03:53:20'),
  ('79', '28', '94', 'Atque est perspiciatis omnis corrupti. Sapiente dolorum ut nostrum quam est a illo at. Maxime quia tempora quis enim voluptates id. Iste ea molestias distinctio accusantium.', 1, '1994-07-08 12:44:07'),
  ('80', '63', '37', 'Quos non voluptatem voluptas id explicabo necessitatibus dolor officiis. Voluptatibus delectus quasi qui eaque illum error. Voluptatem eligendi et et omnis pariatur facilis aut et.', 0, '2013-10-31 15:44:21'),
  ('81', '96', '31', 'Nobis odit maxime ut provident quae eveniet. Tenetur quidem deleniti omnis qui.', 1, '2006-10-12 11:46:52'),
  ('82', '76', '51', 'Aut dolorem corrupti possimus harum sequi. Nihil alias nam aliquam quisquam sint aspernatur est ad. Numquam tempora sit nam nisi in in. Ea incidunt dicta nihil pariatur esse.', 0, '2015-01-13 18:45:33'),
  ('83', '16', '16', 'Corrupti voluptas rerum omnis. Rerum reprehenderit odit ab quia ducimus nesciunt et. Est esse sed iusto et et reiciendis.', 1, '1979-06-24 07:45:24'),
  ('84', '42', '66', 'Et eius illum facere culpa. Vitae placeat sapiente molestiae nulla. Doloribus modi quod et magnam enim distinctio tempora sed.', 1, '2011-01-22 20:48:51'),
  ('85', '60', '30', 'Hic aut assumenda quas. Molestias id id doloribus nihil. Esse nihil reprehenderit et non error qui. Eligendi velit consectetur consequatur impedit saepe. Tempora at recusandae placeat dolor est et.', 1, '1970-12-12 15:55:46'),
  ('86', '56', '75', 'Dolores rerum hic mollitia nemo velit qui. Sit eveniet excepturi et. Sit neque dolorum vero recusandae.', 1, '2003-01-22 09:43:51'),
  ('87', '96', '35', 'Vitae sint in quas. Porro error in deleniti sit similique facilis adipisci. Cum non praesentium ratione soluta pariatur. Non laboriosam libero sed officiis neque reprehenderit maiores.', 0, '2003-03-27 08:50:11'),
  ('88', '83', '49', 'Fuga soluta totam sed quia. Illo ducimus eum voluptatibus vel vitae vitae. Dignissimos culpa reiciendis consequatur qui debitis.', 0, '2003-08-06 10:52:09'),
  ('89', '48', '80', 'Nam molestiae neque perspiciatis incidunt consequuntur. Aut voluptatem qui deserunt quis. Cupiditate harum impedit sed omnis sequi delectus doloribus est.', 1, '1979-02-28 18:22:11'),
  ('90', '16', '44', 'Dolorem sed amet quibusdam molestias debitis iste quia. Ut sapiente quisquam odit cupiditate ab nam at. Et est nam quis maxime porro vel.', 1, '1988-03-21 02:33:44'),
  ('91', '61', '15', 'Dignissimos placeat vel occaecati aliquam. In perferendis quia est nulla. Eos veniam ipsa est nesciunt.', 0, '1993-05-04 12:04:54'),
  ('92', '84', '32', 'Doloribus qui error porro exercitationem. Voluptatem quo fugiat reprehenderit dolores id quae nam in. Excepturi in minus et dignissimos dolores consequuntur voluptatem.', 0, '2018-12-13 11:16:36'),
  ('93', '74', '51', 'Enim odit aliquam est saepe voluptatum. Quia id cupiditate enim rerum.', 1, '1982-12-25 05:26:54'),
  ('94', '18', '2', 'Id excepturi iure perspiciatis illo ut praesentium voluptas. Expedita eos iste quos rerum distinctio alias. Officiis voluptas est enim omnis molestiae suscipit dolor. Dolores velit ducimus praesentium voluptatem accusantium.', 1, '1984-04-25 05:11:41'),
  ('95', '45', '80', 'Ab odio dolores consequatur reprehenderit quasi consequatur dolores natus. Occaecati qui facere odio nobis repellendus. Omnis ut dicta ipsa eveniet fugit placeat. In ut quae dolores deleniti aut earum et.', 0, '2017-05-18 02:23:47'),
  ('96', '39', '41', 'Et est a aut ea. Consequatur sit ex ullam ipsum esse. Illum qui et magnam dignissimos. Iure possimus rerum non.', 0, '1982-09-29 21:24:42'),
  ('97', '11', '14', 'Aut amet qui quia exercitationem et assumenda. Voluptatem reiciendis in quidem minus. Quo quos eos quo omnis corporis non non vitae.', 1, '1998-06-13 07:28:33'),
  ('98', '91', '27', 'Voluptatem debitis facilis in quis. Facilis beatae recusandae dolor aut quae ipsa recusandae. Architecto sit reiciendis illum et. Minus aliquam aliquid sit nulla quis.', 1, '1999-01-10 15:49:22'),
  ('99', '30', '32', 'Rem fuga modi commodi minima ab. Explicabo est id modi deserunt optio distinctio. Est veniam et totam quo sed perspiciatis nihil voluptas.', 1, '1972-09-01 20:30:45'),
  ('100', '92', '89', 'Omnis quia non libero quaerat velit adipisci aliquam reiciendis. Eaque nobis minima accusamus eveniet sunt. Consequuntur reiciendis qui eos.', 0, '2013-07-05 16:46:28');

drop table if exists friend_requests;
create table friend_requests (
	initiator_user_id bigint unsigned not null,
	target_user_id bigint unsigned not null,
	status enum ('requested', 'approved', 'unfriended', 'declined'),
	requested_at datetime default now(),
	confirmed_at datetime default current_timestamp on update current_timestamp,
	primary key(initiator_user_id, target_user_id),
	index(initiator_user_id),
	index(target_user_id),
	foreign key (initiator_user_id) references users(id),
	foreign key (target_user_id) references users(id)
);

INSERT INTO friend_requests VALUES 
  ('2', '14', 'requested', '1987-09-10 00:44:43', '1989-06-02 00:16:01'),
  ('2', '16', 'declined', '1975-03-26 19:58:16', '2017-10-27 12:35:33'),
  ('7', '45', 'approved', '2001-03-29 18:02:06', '1981-01-19 16:14:25'),
  ('8', '5', 'declined', '1979-02-22 07:32:04', '2006-04-20 09:08:06'),
  ('9', '76', 'requested', '2010-06-04 04:33:00', '1974-07-09 10:19:44'),
  ('12', '56', 'declined', '1991-10-14 02:34:13', '1995-01-05 22:53:52'),
  ('13', '12', 'unfriended', '1976-05-17 17:43:04', '1981-08-11 17:31:42'),
  ('17', '17', 'unfriended', '2016-08-26 16:22:14', '1986-01-16 21:52:22'),
  ('17', '26', 'declined', '1986-11-29 10:34:16', '2013-01-20 14:53:08'),
  ('17', '68', 'approved', '2012-05-20 14:38:42', '2003-11-20 09:05:22'),
  ('17', '75', 'approved', '2017-08-25 11:28:32', '2017-10-27 06:58:20'),
  ('18', '17', 'declined', '2018-07-22 02:32:25', '2001-06-09 13:03:58'),
  ('18', '95', 'unfriended', '2020-04-24 14:57:55', '1984-10-25 06:22:39'),
  ('19', '17', 'requested', '2014-02-21 21:12:42', '2017-06-17 14:39:45'),
  ('19', '36', 'approved', '2020-01-01 10:16:08', '1991-07-08 08:05:46'),
  ('20', '9', 'declined', '2003-04-22 05:35:22', '1979-10-16 04:36:32'),
  ('21', '63', 'requested', '2010-07-16 21:52:59', '2000-05-25 00:55:14'),
  ('22', '42', 'approved', '1993-06-14 21:51:02', '1980-04-12 00:32:26'),
  ('24', '83', 'requested', '1980-09-25 10:50:37', '1978-05-28 03:02:20'),
  ('25', '32', 'declined', '2018-11-29 09:23:41', '1991-02-10 06:44:46'),
  ('25', '88', 'declined', '1998-08-12 16:47:12', '2005-06-12 14:20:57'),
  ('26', '73', 'declined', '1979-11-24 23:28:23', '1976-04-23 21:53:43'),
  ('28', '30', 'approved', '1986-05-31 00:46:34', '1982-10-26 01:14:50'),
  ('28', '63', 'approved', '1997-05-10 16:17:11', '1970-04-30 20:52:17'),
  ('32', '29', 'unfriended', '1983-12-28 00:14:50', '1993-02-26 21:42:10'),
  ('32', '95', 'unfriended', '1977-07-08 23:55:46', '1976-12-16 07:27:50'),
  ('33', '30', 'requested', '2002-08-28 20:26:32', '1991-04-07 09:55:22'),
  ('34', '72', 'requested', '2011-03-13 10:11:13', '2019-03-01 15:09:13'),
  ('35', '37', 'approved', '1990-06-21 05:19:14', '1982-04-17 16:59:37'),
  ('35', '100', 'declined', '2004-03-31 11:19:17', '2006-11-16 12:16:55'),
  ('37', '14', 'unfriended', '2015-05-04 20:51:36', '2004-09-27 04:11:25'),
  ('38', '72', 'declined', '2017-08-04 17:34:48', '2012-09-10 00:46:36'),
  ('40', '82', 'declined', '2014-12-20 03:55:25', '1979-06-19 08:25:18'),
  ('42', '77', 'declined', '2000-07-16 00:30:55', '1991-02-05 20:33:36'),
  ('44', '90', 'unfriended', '2002-11-03 11:40:59', '2003-10-31 14:11:55'),
  ('45', '20', 'requested', '2012-07-20 15:38:57', '1972-02-01 12:39:32'),
  ('45', '62', 'requested', '1998-08-03 20:21:59', '2010-10-05 20:17:01'),
  ('47', '37', 'approved', '2016-01-13 13:45:02', '1975-09-09 14:17:00'),
  ('47', '71', 'unfriended', '2015-03-09 05:56:29', '1982-04-26 08:52:54'),
  ('47', '99', 'approved', '1978-09-13 12:00:02', '1982-07-08 04:22:48'),
  ('48', '10', 'declined', '1985-12-21 05:11:01', '1997-11-28 19:05:42'),
  ('48', '53', 'approved', '1978-03-05 12:38:31', '1987-11-03 22:25:44'),
  ('49', '50', 'approved', '2004-12-15 14:24:07', '2007-05-30 14:48:49'),
  ('51', '16', 'unfriended', '1990-07-07 18:34:18', '1997-05-25 00:10:11'),
  ('51', '97', 'declined', '1987-02-18 23:32:01', '1974-04-08 15:26:24'),
  ('52', '47', 'requested', '2015-05-01 01:34:50', '2017-07-01 22:29:10'),
  ('52', '57', 'approved', '1970-08-18 10:04:28', '2011-02-16 19:55:00'),
  ('53', '61', 'requested', '1977-01-20 13:32:11', '2007-02-19 18:34:48'),
  ('54', '46', 'declined', '2000-07-12 20:01:29', '2004-12-13 11:58:45'),
  ('54', '59', 'declined', '1983-01-20 01:54:18', '2001-03-17 04:13:42'),
  ('54', '79', 'approved', '1991-05-20 13:19:31', '1970-04-19 15:34:02'),
  ('55', '35', 'unfriended', '1978-05-05 01:39:14', '2019-09-20 18:32:08'),
  ('55', '84', 'approved', '1973-06-24 06:18:37', '2012-07-19 11:33:49'),
  ('56', '91', 'declined', '2010-09-18 19:53:38', '1970-08-03 15:13:49'),
  ('57', '35', 'unfriended', '2000-06-20 08:14:26', '2000-09-21 11:28:56'),
  ('57', '45', 'approved', '2018-11-09 16:27:52', '1991-03-03 00:03:56'),
  ('59', '68', 'declined', '2008-05-10 05:43:33', '2005-08-13 08:11:21'),
  ('60', '30', 'unfriended', '2003-08-18 01:39:08', '2020-07-21 14:35:41'),
  ('60', '74', 'unfriended', '1971-02-19 16:42:52', '1990-02-12 20:23:42'),
  ('61', '74', 'requested', '2017-06-14 09:02:30', '1971-11-30 08:17:34'),
  ('62', '60', 'declined', '2019-03-22 17:29:08', '2014-02-13 03:06:52'),
  ('65', '74', 'unfriended', '1981-07-10 02:34:45', '1970-11-17 10:03:51'),
  ('67', '86', 'requested', '1996-07-13 18:38:46', '2008-03-02 20:41:14'),
  ('68', '52', 'declined', '2015-11-28 08:06:59', '1993-03-06 14:51:52'),
  ('68', '62', 'requested', '1970-04-26 06:41:04', '2019-07-15 12:22:39'),
  ('69', '34', 'unfriended', '1986-09-04 08:24:35', '1975-01-05 06:52:19'),
  ('71', '55', 'approved', '1983-01-18 12:04:12', '2002-01-15 00:21:41'),
  ('72', '25', 'requested', '1977-08-13 11:54:33', '1980-11-19 03:51:17'),
  ('73', '45', 'unfriended', '2006-03-29 02:13:39', '1990-11-06 04:46:58'),
  ('73', '88', 'approved', '2007-08-19 19:06:55', '1986-11-23 12:10:34'),
  ('77', '47', 'requested', '2020-08-20 07:51:15', '1970-10-03 04:19:18'),
  ('78', '46', 'unfriended', '1994-12-22 20:44:29', '1983-09-28 08:48:02'),
  ('78', '68', 'unfriended', '2006-12-06 12:03:14', '1984-07-20 13:44:30'),
  ('78', '70', 'approved', '2005-04-28 23:53:01', '2007-09-12 01:10:17'),
  ('79', '23', 'requested', '1982-07-01 09:12:58', '1999-09-10 05:10:13'),
  ('79', '82', 'approved', '1990-08-04 18:20:52', '1979-11-16 20:19:29'),
  ('83', '90', 'requested', '1972-03-25 10:25:20', '1977-06-18 11:54:04'),
  ('84', '42', 'approved', '1986-02-14 20:24:00', '2000-02-09 22:47:10'),
  ('84', '92', 'approved', '1997-11-12 01:44:36', '1997-04-07 08:36:43'),
  ('85', '57', 'approved', '2001-03-02 03:11:10', '2009-08-24 13:36:02'),
  ('85', '86', 'approved', '1987-08-11 12:40:54', '1986-09-30 07:35:43'),
  ('86', '50', 'requested', '1975-01-15 06:11:28', '2013-02-07 11:47:33'),
  ('86', '70', 'approved', '1974-05-23 05:04:56', '2020-04-26 17:53:45'),
  ('89', '2', 'declined', '2009-12-02 07:08:41', '1973-08-12 02:57:08'),
  ('91', '87', 'unfriended', '2008-09-01 18:41:37', '1972-06-18 17:46:19'),
  ('92', '76', 'declined', '1970-12-28 07:27:43', '1988-01-22 20:34:11'),
  ('93', '91', 'approved', '1988-12-17 16:48:46', '1976-09-02 00:40:28'),
  ('93', '95', 'requested', '1989-01-21 12:09:55', '1987-12-31 14:45:00'),
  ('94', '50', 'approved', '1971-12-21 13:04:36', '2015-10-23 08:37:28'),
  ('94', '71', 'unfriended', '2013-05-07 18:14:03', '1997-07-28 08:47:53'),
  ('95', '5', 'approved', '2008-11-06 20:05:31', '2006-02-24 00:28:28'),
  ('95', '43', 'unfriended', '2008-09-29 16:36:58', '1988-04-30 16:11:41'),
  ('95', '45', 'declined', '1994-10-26 18:35:22', '2005-03-14 09:34:40'),
  ('96', '75', 'requested', '1996-03-12 03:00:58', '1993-04-16 10:00:29'),
  ('98', '84', 'unfriended', '2016-01-24 19:03:08', '1978-06-13 23:55:31'),
  ('98', '87', 'unfriended', '1986-03-24 10:53:21', '2003-08-25 13:45:21'),
  ('99', '39', 'requested', '2006-02-04 20:19:29', '2001-07-30 22:53:05'),
  ('99', '49', 'unfriended', '1999-12-29 16:36:56', '1971-10-29 02:09:44'),
  ('99', '59', 'requested', '2010-10-26 16:43:43', '1982-01-02 08:01:53');

drop table if exists communities;
create table if not exists communities(
	id serial primary key,
	user_id bigint unsigned not null comment 'Создатель сообщества',
	name varchar(150),
	created_at datetime default now(),
	index (name),
	foreign key (user_id) references users(id)
);

INSERT INTO communities VALUES
  ('1', '67', 'inventore', '2008-05-31 13:39:02'),
  ('2', '71', 'sint', '1997-11-17 12:00:26'),
  ('3', '59', 'illo', '1990-08-14 12:30:03'),
  ('4', '9', 'facere', '1979-12-13 11:13:10'),
  ('5', '35', 'recusandae', '1970-02-03 06:50:34'),
  ('6', '66', 'porro', '2017-01-23 11:16:57'),
  ('7', '19', 'dolorem', '2018-09-27 00:45:13'),
  ('8', '86', 'magnam', '1994-12-28 09:28:31'),
  ('9', '40', 'deleniti', '2008-03-14 03:39:43'),
  ('10', '61', 'quo', '1991-11-07 15:33:14'),
  ('11', '28', 'aut', '2007-02-12 03:45:11'),
  ('12', '17', 'pariatur', '2019-07-18 02:21:02'),
  ('13', '38', 'deserunt', '2019-09-13 06:36:54'),
  ('14', '15', 'aperiam', '2007-05-22 09:21:20'),
  ('15', '75', 'laboriosam', '1985-05-02 05:45:30'),
  ('16', '2', 'omnis', '1980-11-20 23:33:58'),
  ('17', '31', 'praesentium', '1997-06-17 09:36:48'),
  ('18', '25', 'sint', '1989-12-07 21:53:28'),
  ('19', '50', 'reprehenderit', '2019-07-08 20:40:53'),
  ('20', '60', 'iure', '2010-09-01 18:36:25'),
  ('21', '78', 'totam', '2018-02-08 15:58:43'),
  ('22', '75', 'vel', '1974-03-26 21:33:11'),
  ('23', '67', 'rerum', '2001-04-07 06:45:08'),
  ('24', '63', 'rerum', '1972-02-22 17:01:18'),
  ('25', '82', 'animi', '1971-12-11 18:47:58'),
  ('26', '56', 'id', '1978-03-16 19:33:01'),
  ('27', '27', 'minus', '1975-08-19 14:33:54'),
  ('28', '9', 'id', '1978-05-06 13:50:06'),
  ('29', '59', 'asperiores', '2020-03-06 01:30:41'),
  ('30', '73', 'ipsum', '2004-01-30 07:04:19'),
  ('31', '33', 'aut', '1982-11-06 17:54:44'),
  ('32', '25', 'veritatis', '2005-11-10 20:12:51'),
  ('33', '44', 'quis', '1975-01-27 19:03:14'),
  ('34', '91', 'assumenda', '2008-09-27 07:00:50'),
  ('35', '33', 'iusto', '1975-12-31 07:47:50'),
  ('36', '79', 'eum', '1972-01-11 12:51:34'),
  ('37', '57', 'dicta', '2001-05-04 07:11:14'),
  ('38', '52', 'ratione', '1992-11-21 07:05:19'),
  ('39', '64', 'hic', '2017-02-05 01:42:12'),
  ('40', '97', 'et', '1991-02-23 06:03:58'),
  ('41', '13', 'necessitatibus', '2002-04-23 11:20:32'),
  ('42', '92', 'cum', '2018-08-11 03:48:24'),
  ('43', '13', 'iure', '2004-12-30 19:45:11'),
  ('44', '51', 'tempora', '2002-10-30 09:14:33'),
  ('45', '6', 'ipsa', '1997-01-01 08:10:37'),
  ('46', '87', 'magni', '1978-09-24 15:25:14'),
  ('47', '52', 'impedit', '1987-09-01 22:26:37'),
  ('48', '37', 'excepturi', '1987-04-11 21:24:14'),
  ('49', '12', 'quia', '2016-01-29 03:15:15'),
  ('50', '2', 'assumenda', '2013-05-07 01:24:52'),
  ('51', '96', 'aspernatur', '1977-10-08 05:29:24'),
  ('52', '90', 'animi', '1991-10-19 02:23:44'),
  ('53', '76', 'nemo', '1977-04-17 17:22:28'),
  ('54', '63', 'dolor', '1981-02-02 16:10:39'),
  ('55', '52', 'voluptatem', '2014-06-14 16:24:40'),
  ('56', '58', 'odit', '2001-06-11 23:50:00'),
  ('57', '18', 'facilis', '2017-07-04 03:26:19'),
  ('58', '78', 'recusandae', '2015-07-29 06:29:45'),
  ('59', '66', 'eveniet', '2003-01-29 06:22:12'),
  ('60', '77', 'in', '1991-05-03 09:51:08'),
  ('61', '51', 'voluptas', '2011-02-12 02:07:14'),
  ('62', '99', 'quam', '1973-11-15 03:51:02'),
  ('63', '1', 'iste', '2014-04-27 16:13:00'),
  ('64', '95', 'a', '1974-02-06 23:22:52'),
  ('65', '90', 'delectus', '1973-10-18 23:43:44'),
  ('66', '34', 'neque', '1978-04-23 05:01:30'),
  ('67', '73', 'sed', '2015-07-21 09:25:42'),
  ('68', '46', 'ipsum', '1977-08-21 05:19:25'),
  ('69', '86', 'odit', '1996-07-26 00:26:14'),
  ('70', '36', 'incidunt', '1984-06-29 20:31:35'),
  ('71', '42', 'quia', '2002-11-02 07:51:20'),
  ('72', '99', 'et', '2002-10-04 02:18:18'),
  ('73', '28', 'odio', '2014-09-29 14:12:26'),
  ('74', '55', 'incidunt', '2006-04-11 01:24:29'),
  ('75', '49', 'voluptas', '2008-03-27 08:50:38'),
  ('76', '33', 'et', '1976-03-12 16:40:38'),
  ('77', '42', 'dolor', '1993-09-07 02:47:59'),
  ('78', '1', 'consequatur', '1982-11-15 09:20:23'),
  ('79', '69', 'voluptatem', '2013-08-13 12:09:41'),
  ('80', '53', 'quia', '2010-07-06 11:25:45'),
  ('81', '2', 'officia', '2010-10-16 05:32:13'),
  ('82', '65', 'velit', '2009-06-02 03:52:20'),
  ('83', '42', 'quam', '1997-07-19 04:07:30'),
  ('84', '78', 'expedita', '1974-12-22 03:40:20'),
  ('85', '28', 'quae', '2019-05-20 09:34:35'),
  ('86', '94', 'in', '2005-05-30 13:25:20'),
  ('87', '35', 'officia', '1994-08-22 23:27:25'),
  ('88', '45', 'aliquid', '1977-04-25 19:59:20'),
  ('89', '71', 'qui', '2007-08-06 04:54:33'),
  ('90', '1', 'modi', '1998-01-08 18:20:04'),
  ('91', '22', 'sint', '2005-11-16 12:10:15'),
  ('92', '22', 'nesciunt', '1980-09-21 18:28:42'),
  ('93', '99', 'cupiditate', '1976-07-03 08:23:48'),
  ('94', '23', 'eius', '1980-10-29 08:33:56'),
  ('95', '16', 'hic', '2019-02-22 15:09:18'),
  ('96', '88', 'possimus', '2001-10-02 14:23:33'),
  ('97', '56', 'sed', '2001-12-25 12:28:18'),
  ('98', '88', 'delectus', '1970-12-16 18:14:18'),
  ('99', '34', 'inventore', '2003-09-21 10:58:07'),
  ('100', '42', 'architecto', '1973-11-27 08:50:20');

drop table if exists users_communities;
create table if not exists users_communities(
	user_id bigint unsigned not null,
	community_id bigint unsigned not null,
	primary key (user_id, community_id),
	foreign key (user_id) references users(id),
	foreign key (community_id) references communities(id)
);

INSERT INTO users_communities VALUES
  ('1', '41'),
  ('2', '9'),
  ('3', '29'),
  ('4', '4'),
  ('4', '60'),
  ('6', '20'),
  ('6', '62'),
  ('6', '66'),
  ('7', '2'),
  ('7', '35'),
  ('9', '19'),
  ('11', '14'),
  ('11', '77'),
  ('12', '84'),
  ('14', '29'),
  ('14', '54'),
  ('16', '36'),
  ('17', '70'),
  ('19', '23'),
  ('20', '27'),
  ('21', '19'),
  ('21', '80'),
  ('21', '91'),
  ('23', '97'),
  ('26', '51'),
  ('29', '28'),
  ('30', '13'),
  ('30', '31'),
  ('31', '60'),
  ('31', '85'),
  ('34', '21'),
  ('34', '72'),
  ('35', '24'),
  ('37', '17'),
  ('37', '61'),
  ('39', '78'),
  ('42', '48'),
  ('42', '98'),
  ('43', '35'),
  ('43', '45'),
  ('43', '76'),
  ('43', '83'),
  ('44', '49'),
  ('45', '30'),
  ('45', '100'),
  ('46', '66'),
  ('47', '71'),
  ('47', '85'),
  ('49', '99'),
  ('50', '45'),
  ('51', '2'),
  ('52', '66'),
  ('52', '82'),
  ('52', '93'),
  ('55', '44'),
  ('58', '11'),
  ('58', '50'),
  ('58', '83'),
  ('60', '25'),
  ('61', '10'),
  ('62', '58'),
  ('63', '63'),
  ('64', '62'),
  ('64', '64'),
  ('64', '66'),
  ('65', '15'),
  ('67', '73'),
  ('68', '8'),
  ('68', '49'),
  ('69', '51'),
  ('69', '76'),
  ('73', '1'),
  ('75', '11'),
  ('75', '37'),
  ('76', '72'),
  ('76', '86'),
  ('76', '93'),
  ('77', '4'),
  ('77', '17'),
  ('77', '34'),
  ('77', '91'),
  ('79', '73'),
  ('81', '83'),
  ('82', '18'),
  ('82', '80'),
  ('83', '59'),
  ('84', '3'),
  ('84', '24'),
  ('87', '40'),
  ('87', '41'),
  ('88', '41'),
  ('88', '96'),
  ('89', '52'),
  ('92', '20'),
  ('93', '14'),
  ('93', '35'),
  ('94', '7'),
  ('97', '85'),
  ('99', '11');

drop table if exists posts;
create table if not exists posts (
	id serial primary key,
	user_id bigint unsigned not null,
	post text,
	created_at datetime default current_timestamp,
	updated_at datetime default current_timestamp on update current_timestamp,
	foreign key (user_id) references users(id)
);

INSERT INTO posts VALUES
  ('1', '98', 'I am very tired of swimming about here, O Mouse!\' (Alice thought this must be kind to them,\' thought Alice, \'as all the first day,\' said the White Rabbit returning, splendidly dressed, with a.', '1988-02-17 18:17:30', '2015-08-29 16:42:49'),
  ('2', '53', 'Dormouse crossed the court, by the carrier,\' she thought, \'and how funny it\'ll seem, sending presents to one\'s own feet! And how odd the directions will look! ALICE\'S RIGHT FOOT, ESQ. HEARTHRUG,.', '1975-01-26 21:24:46', '2016-06-18 10:49:15'),
  ('3', '18', 'I do,\' said Alice to find that she hardly knew what she was ever to get through was more than three.\' \'Your hair wants cutting,\' said the young lady to see if he thought it would feel with all their.', '2000-03-25 02:26:13', '2019-04-14 14:04:00'),
  ('4', '75', 'I\'m angry. Therefore I\'m mad.\' \'I call it purring, not growling,\' said Alice. \'And where HAVE my shoulders got to? And oh, I wish I hadn\'t to bring but one, Bill\'s got the other--Bill! fetch it.', '1990-02-06 06:33:41', '2014-10-31 00:46:30'),
  ('5', '15', 'ALICE\'S RIGHT FOOT, ESQ. HEARTHRUG, NEAR THE FENDER, (WITH ALICE\'S LOVE). Oh dear, what nonsense I\'m talking!\' Just then she looked down into a pig,\' Alice quietly said, just as if he had taken his.', '2010-08-19 15:17:50', '1975-06-03 03:59:50'),
  ('6', '5', 'First it marked out a race-course, in a coaxing tone, and added \'It isn\'t mine,\' said the King, \'and don\'t look at all this time, as it can\'t possibly make me smaller, I can guess that,\' she added.', '1998-03-24 17:19:50', '1996-08-18 21:50:33'),
  ('7', '78', 'At last the Gryphon said to the Gryphon. \'Turn a somersault in the lock, and to wonder what CAN have happened to me! When I used to do:-- \'How doth the little--\"\' and she at once took up the.', '1993-10-11 02:42:55', '2005-12-04 18:25:14'),
  ('8', '53', 'Hatter with a soldier on each side, and opened their eyes and mouths so VERY remarkable in that, nor did Alice think it would be like, but it said in a shrill, loud voice, and the March Hare said to.', '1976-01-12 10:38:57', '2009-06-07 19:08:57'),
  ('9', '91', 'Mock Turtle. \'She can\'t explain it,\' said Alice more boldly: \'you know you\'re growing too.\' \'Yes, but I THINK I can find it.\' And she opened the door of the hall: in fact she was beginning to feel.', '1994-10-21 15:48:16', '1987-11-04 23:35:33'),
  ('10', '55', 'Alice. \'Only a thimble,\' said Alice in a hurry: a large kitchen, which was immediately suppressed by the Queen shouted at the time he had never heard before, \'Sure then I\'m here! Digging for apples,.', '1973-12-02 02:16:28', '2015-10-01 11:11:12'),
  ('11', '57', 'So she swallowed one of the hall, but, alas! either the locks were too large, or the key was lying on their slates, and she hastily dried her eyes filled with tears again as quickly as she spoke,.', '1996-09-07 13:18:29', '1992-06-29 15:21:27'),
  ('12', '75', 'Seaography: then Drawling--the Drawling-master was an uncomfortably sharp chin. However, she did not wish to offend the Dormouse shook itself, and began bowing to the conclusion that it made Alice.', '1991-05-18 06:09:56', '1990-11-24 04:17:42'),
  ('13', '29', 'March Hare said to the heads of the other ladder?--Why, I hadn\'t quite finished my tea when I get it home?\' when it had lost something, and she said to Alice. \'Nothing,\' said Alice. \'Why, SHE,\' said.', '2003-02-14 02:58:18', '1987-01-07 13:04:44'),
  ('14', '32', 'After a minute or two sobs choked his voice. \'Same as if nothing had happened. \'How am I to do such a capital one for catching mice you can\'t help it,\' said Alice in a trembling voice:-- \'I passed.', '1977-06-11 06:55:02', '1996-01-22 22:16:37'),
  ('15', '74', 'Mock Turtle. \'Seals, turtles, salmon, and so on, then, when you\'ve cleared all the jurymen on to himself in an offended tone, \'Hm! No accounting for tastes! Sing her \"Turtle Soup,\" will you, won\'t.', '2009-03-23 03:06:25', '1979-07-29 07:09:19'),
  ('16', '84', 'Duchess, \'and most of \'em do.\' \'I don\'t see,\' said the Gryphon: and it was quite impossible to say \'creatures,\' you see, as they were IN the well,\' Alice said very politely, \'if I had not the right.', '2018-05-17 13:20:57', '2019-06-14 17:06:27'),
  ('17', '58', 'And he added in a voice she had nothing yet,\' Alice replied thoughtfully. \'They have their tails in their paws. \'And how many hours a day is very confusing.\' \'It isn\'t,\' said the Gryphon: and it set.', '2019-09-07 05:11:12', '2018-03-17 14:40:24'),
  ('18', '38', 'I was, I shouldn\'t want YOURS: I don\'t remember where.\' \'Well, it must be on the twelfth?\' Alice went on, \'\"--found it advisable to go after that savage Queen: so she turned to the rose-tree, she.', '1977-09-20 20:47:18', '2016-01-04 14:26:15'),
  ('19', '38', 'It quite makes my forehead ache!\' Alice watched the Queen to play with, and oh! ever so many out-of-the-way things had happened lately, that Alice had got to go down the chimney!\' \'Oh! So Bill\'s got.', '1993-07-30 21:26:24', '2006-07-19 23:04:32'),
  ('20', '38', 'Alice, a little hot tea upon its nose. The Dormouse again took a great deal of thought, and it was perfectly round, she found herself safe in a shrill, passionate voice. \'Would YOU like cats if you.', '1973-07-03 11:23:59', '1977-07-03 01:25:23'),
  ('21', '13', 'Then followed the Knave of Hearts, and I never was so much already, that it might belong to one of its voice. \'Back to land again, and Alice was more hopeless than ever: she sat still and said.', '1984-12-07 12:12:45', '1986-12-19 04:35:50'),
  ('22', '63', 'And the executioner went off like an honest man.\' There was a body to cut it off from: that he had to pinch it to be afraid of it. Presently the Rabbit say, \'A barrowful of WHAT?\' thought Alice to.', '2004-07-23 11:17:10', '2009-11-09 14:22:04'),
  ('23', '91', 'LESS,\' said the March Hare, who had been looking at the March Hare,) \'--it was at in all directions, tumbling up against each other, however, they got their tails in their paws. \'And how many hours.', '2013-03-12 17:44:33', '1980-07-03 06:34:58'),
  ('24', '89', 'There was no label this time with great emphasis, looking hard at Alice for protection. \'You shan\'t be beheaded!\' \'What for?\' said the Pigeon, \'but I know all sorts of things--I can\'t remember.', '2004-05-19 21:37:17', '2015-01-05 01:42:08'),
  ('25', '39', 'These were the verses on his slate with one eye, How the Owl had the dish as its share of the court. \'What do you know what it was looking at them with large round eyes, and half of fright and half.', '2014-09-14 18:56:06', '2015-11-06 17:55:45'),
  ('26', '87', 'Gryphon remarked: \'because they lessen from day to such stuff? Be off, or I\'ll have you executed, whether you\'re a little bottle that stood near the looking-glass. There was not going to dive in.', '1980-02-07 15:57:22', '2001-06-10 14:52:37'),
  ('27', '63', 'Alice ventured to remark. \'Tut, tut, child!\' said the Dormouse, who was sitting on the back. However, it was a paper label, with the birds hurried off at once: one old Magpie began wrapping itself.', '1972-12-20 20:11:42', '2016-01-26 21:06:04'),
  ('28', '91', 'I\'ve often seen them so shiny?\' Alice looked up, and there she saw them, they set to work, and very soon finished off the subjects on his spectacles. \'Where shall I begin, please your Majesty,\' he.', '1987-06-08 04:20:55', '2018-05-01 09:04:23'),
  ('29', '82', 'Alice gave a look askance-- Said he thanked the whiting kindly, but he could go. Alice took up the fan and a large ring, with the birds and beasts, as well as if she meant to take the roof of the.', '1971-07-23 18:49:50', '1972-06-26 15:44:48'),
  ('30', '95', 'France-- Then turn not pale, beloved snail, but come and join the dance? Will you, won\'t you, will you join the dance. \'\"What matters it how far we go?\" his scaly friend replied. \"There is another.', '1980-12-02 00:37:14', '2001-08-19 19:43:34'),
  ('31', '1', 'Queen was silent. The King and the beak-- Pray how did you begin?\' The Hatter shook his grey locks, \'I kept all my life, never!\' They had not as yet had any sense, they\'d take the roof bear?--Mind.', '1990-12-09 14:17:38', '2001-09-30 18:53:32'),
  ('32', '79', 'Cat remarked. \'Don\'t be impertinent,\' said the Duchess, the Duchess! Oh! won\'t she be savage if I\'ve kept her eyes to see if she could guess, she was looking at everything that Alice had no reason.', '1997-05-24 05:11:13', '1976-06-13 01:55:45'),
  ('33', '48', 'Majesty,\' said the Mock Turtle would be offended again. \'Mine is a very pretty dance,\' said Alice aloud, addressing nobody in particular. \'She\'d soon fetch it back!\' \'And who is Dinah, if I chose,\'.', '1983-09-14 14:54:25', '1972-07-16 17:42:53'),
  ('34', '18', 'March Hare went \'Sh! sh!\' and the poor animal\'s feelings. \'I quite agree with you,\' said the Gryphon, the squeaking of the pack, she could even make out which were the two sides of it, and the three.', '1986-05-19 16:26:33', '2019-10-16 14:48:22'),
  ('35', '53', 'Duchess asked, with another hedgehog, which seemed to be lost, as she went on without attending to her, \'but those serpents! There\'s no pleasing them!\' Alice was so large in the middle of the Mock.', '1984-12-21 23:28:35', '1974-08-29 19:46:45'),
  ('36', '62', 'IS that to be ashamed of yourself for asking such a simple question,\' added the Dormouse. \'Fourteenth of March, I think it would all wash off in the middle. Alice kept her eyes anxiously fixed on.', '1996-05-06 12:50:55', '1996-10-25 02:40:20'),
  ('37', '23', 'Ugh, Serpent!\' \'But I\'m NOT a serpent, I tell you!\' said Alice. The King laid his hand upon her arm, and timidly said \'Consider, my dear: she is only a pack of cards!\' At this moment the door and.', '2014-09-02 12:23:46', '2009-05-31 19:26:02'),
  ('38', '31', 'Alice, \'living at the stick, and held it out loud. \'Thinking again?\' the Duchess began in a minute. Alice began telling them her adventures from the time they were mine before. If I or she fell past.', '1972-10-19 20:51:14', '2017-11-03 07:34:03'),
  ('39', '15', 'Alice, every now and then raised himself upon tiptoe, put his shoes off. \'Give your evidence,\' said the King. \'Then it doesn\'t matter a bit,\' said the Mouse. \'Of course,\' the Mock Turtle at last,.', '2017-09-18 04:40:27', '2013-02-23 23:42:32'),
  ('40', '13', 'I eat one of them didn\'t know it was indeed: she was quite surprised to find her way out. \'I shall do nothing of tumbling down stairs! How brave they\'ll all think me at all.\' \'In that case,\' said.', '2004-08-19 23:54:23', '1984-10-30 07:14:51'),
  ('41', '86', 'March Hare. \'It was a good many little girls eat eggs quite as safe to stay in here any longer!\' She waited for a rabbit! I suppose it doesn\'t mind.\' The table was a treacle-well.\' \'There\'s no sort.', '2006-08-12 12:10:31', '1987-05-14 07:11:55'),
  ('42', '71', 'But, now that I\'m perfectly sure I have dropped them, I wonder?\' Alice guessed in a melancholy tone. \'Nobody seems to suit them!\' \'I haven\'t the least notice of her age knew the right size for ten.', '1999-02-16 17:49:35', '1992-01-15 13:18:58'),
  ('43', '88', 'Latitude was, or Longitude either, but thought they were trying to invent something!\' \'I--I\'m a little pattering of footsteps in the direction in which the words came very queer indeed:-- \'\'Tis the.', '2004-09-04 07:30:41', '2017-03-20 04:46:20'),
  ('44', '14', 'ME\' were beautifully marked in currants. \'Well, I\'ll eat it,\' said Alice. \'Then it ought to be patted on the floor, and a Dodo, a Lory and an Eaglet, and several other curious creatures. Alice led.', '2003-12-03 21:27:22', '2006-09-28 11:54:37'),
  ('45', '3', 'Mock Turtle. So she stood watching them, and was just saying to herself \'Suppose it should be free of them with large eyes full of the Mock Turtle went on eagerly: \'There is such a wretched height.', '1991-10-27 07:37:07', '2014-10-26 04:02:22'),
  ('46', '61', 'Caterpillar. Alice said very politely, \'for I never knew whether it was getting so far off). \'Oh, my poor hands, how is it directed to?\' said the Gryphon, and all sorts of things, and she, oh! she.', '1993-12-02 21:29:37', '1976-05-08 01:21:53'),
  ('47', '98', 'Alice looked round, eager to see if she were looking up into the loveliest garden you ever saw. How she longed to get in?\' \'There might be some sense in your pocket?\' he went on, \'What HAVE you been.', '1985-10-28 17:07:46', '2000-11-18 14:51:36'),
  ('48', '60', 'Hatter began, in a great hurry, \'and their names were Elsie, Lacie, and Tillie, and they can\'t prove I did: there\'s no meaning in it, and on both sides of the lefthand bit. * * CHAPTER II. The Pool.', '1988-10-19 01:48:19', '1993-12-19 13:07:36'),
  ('49', '98', 'Then the Queen to play with, and oh! ever so many different sizes in a dreamy sort of life! I do so like that curious song about the temper of your flamingo. Shall I try the first question, you.', '1982-03-31 17:21:42', '1989-10-22 14:00:30'),
  ('50', '35', 'Mock Turtle. \'And how do you call him Tortoise, if he thought it over a little faster?\" said a whiting before.\' \'I can tell you how the game was in managing her flamingo: she succeeded in curving it.', '2004-05-19 14:42:41', '1981-05-08 03:17:56'),
  ('51', '97', 'It was as much right,\' said the King, with an M, such as mouse-traps, and the reason so many out-of-the-way things had happened lately, that Alice had no pictures or conversations in it, \'and what.', '1988-12-12 16:16:04', '1988-12-26 23:22:16'),
  ('52', '11', 'Pigeon went on, yawning and rubbing its eyes, for it flashed across her mind that she knew that it led into the roof of the pack, she could get to the jury. They were indeed a queer-looking party.', '1999-09-26 14:00:10', '2002-12-31 12:37:30'),
  ('53', '97', 'I to do next, when suddenly a footman because he was speaking, so that by the way out of sight. Alice remained looking thoughtfully at the top of it. Presently the Rabbit in a piteous tone. And the.', '1995-06-18 04:27:00', '1972-01-19 20:22:55'),
  ('54', '88', 'I THINK,\' said Alice. \'Well, I never understood what it might belong to one of its voice. \'Back to land again, and the Dormouse fell asleep instantly, and neither of the house, and the baby.', '1987-09-12 23:34:08', '2017-04-14 23:06:06'),
  ('55', '100', 'I needn\'t be afraid of them!\' \'And who is Dinah, if I like being that person, I\'ll come up: if not, I\'ll stay down here with me! There are no mice in the shade: however, the moment she appeared on.', '2016-05-21 00:34:50', '2011-03-10 18:35:48'),
  ('56', '36', 'I will just explain to you how the game was in a hoarse, feeble voice: \'I heard the Rabbit came near her, about the right house, because the chimneys were shaped like the largest telescope that ever.', '1978-10-30 00:37:27', '1985-10-12 18:27:37'),
  ('57', '74', 'Alice could see it trying in a low, trembling voice. \'There\'s more evidence to come upon them THIS size: why, I should say what you like,\' said the Queen. \'It proves nothing of tumbling down stairs!.', '2006-03-16 14:52:35', '1976-11-25 20:28:26'),
  ('58', '63', 'King triumphantly, pointing to Alice an excellent plan, no doubt, and very soon finished off the fire, and at once and put back into the open air. \'IF I don\'t like it, yer honour, at all, as the.', '2006-11-08 13:04:34', '1978-08-04 04:19:48'),
  ('59', '27', 'Do you think you could manage it?) \'And what an ignorant little girl she\'ll think me at home! Why, I haven\'t been invited yet.\' \'You\'ll see me there,\' said the King replied. Here the other side of.', '2006-04-15 03:09:47', '1973-01-25 04:52:47'),
  ('60', '55', 'Alice did not dare to laugh, and, as they were lying round the neck of the game, the Queen said to herself, as usual. I wonder if I\'ve been changed for any of them. \'I\'m sure I\'m not particular as.', '2008-10-30 02:27:48', '1990-03-12 15:40:25'),
  ('61', '57', 'King. (The jury all looked so grave that she had hoped) a fan and gloves, and, as the door between us. For instance, suppose it doesn\'t matter which way you can,--but I must have been changed in the.', '1994-09-25 21:59:57', '2017-04-16 21:53:35'),
  ('62', '27', 'Hatter was the King, and as for the pool a little pattering of footsteps in the world! Oh, my dear Dinah! I wonder what was going on, as she spoke. Alice did not venture to say \'Drink me,\' but the.', '2001-12-17 05:32:22', '2016-03-20 12:37:04'),
  ('63', '34', 'Pigeon, raising its voice to a mouse, That he met in the sun. (IF you don\'t know one,\' said Alice, \'we learned French and music.\' \'And washing?\' said the Caterpillar, and it put more simply--\"Never.', '2003-11-06 15:58:31', '1978-05-06 23:54:11'),
  ('64', '4', 'Mouse heard this, it turned round and swam slowly back to the croquet-ground. The other side of the trees under which she found a little girl,\' said Alice, seriously, \'I\'ll have nothing more.', '1973-09-26 16:09:19', '1982-12-26 15:31:10'),
  ('65', '45', 'Alice, \'and those twelve creatures,\' (she was so long since she had been (Before she had finished, her sister kissed her, and the other side of WHAT? The other guests had taken his watch out of a.', '1977-12-29 11:15:31', '1990-01-28 00:21:19'),
  ('66', '87', 'The Gryphon lifted up both its paws in surprise. \'What! Never heard of \"Uglification,\"\' Alice ventured to ask. \'Suppose we change the subject,\' the March Hare said to herself, as well say,\' added.', '1982-08-28 23:28:32', '1980-09-27 20:18:49'),
  ('67', '66', 'Do you think you could manage it?) \'And what an ignorant little girl she\'ll think me for asking! No, it\'ll never do to hold it. As soon as it went, as if he wasn\'t going to say,\' said the White.', '1981-04-25 10:30:35', '1993-04-17 02:01:40'),
  ('68', '67', 'King, going up to the Hatter. \'Does YOUR watch tell you just now what the moral of THAT is--\"Take care of themselves.\"\' \'How fond she is such a nice little dog near our house I should have croqueted.', '1975-05-17 12:47:57', '1994-06-13 03:46:24'),
  ('69', '18', 'King was the White Rabbit put on one side, to look at all comfortable, and it said in a mournful tone, \'he won\'t do a thing before, but she heard a little way off, panting, with its head, it WOULD.', '1995-10-23 23:53:37', '2020-10-20 23:45:33'),
  ('70', '80', 'By this time the Mouse was swimming away from her as hard as it is.\' \'I quite forgot you didn\'t sign it,\' said Alice. \'Come, let\'s hear some of them even when they liked, and left foot, so as to.', '2011-09-28 22:18:27', '1982-02-09 03:45:02'),
  ('71', '80', 'THE VOICE OF THE SLUGGARD,\"\' said the Mouse in the chimney as she could. \'The game\'s going on within--a constant howling and sneezing, and every now and then, if I like being that person, I\'ll come.', '1972-01-19 12:50:22', '1975-05-10 02:33:06'),
  ('72', '3', 'I should think very likely to eat some of the officers of the March Hare and his friends shared their never-ending meal, and the jury consider their verdict,\' the King sharply. \'Do you play croquet.', '1976-10-21 15:46:48', '1999-08-13 03:36:15'),
  ('73', '51', 'Alice asked in a long, low hall, which was full of tears, until there was a real Turtle.\' These words were followed by a very curious to know what \"it\" means well enough, when I got up and down.', '2012-06-15 21:22:48', '1972-12-09 15:07:53'),
  ('74', '67', 'I hate cats and dogs.\' It was as much use in waiting by the way, and the others looked round also, and all would change to tinkling sheep-bells, and the Dormouse said--\' the Hatter and the.', '1998-05-29 20:30:39', '1995-08-21 20:24:53'),
  ('75', '17', 'THAT like?\' said Alice. \'Then you may SIT down,\' the King had said that day. \'A likely story indeed!\' said the Caterpillar called after it, and the poor little thing grunted in reply (it had left.', '2006-01-11 21:58:31', '1972-03-13 14:44:06'),
  ('76', '53', 'March Hare. Alice was beginning very angrily, but the great puzzle!\' And she tried to fancy to herself how she was in the wood, \'is to grow to my right size to do that,\' said the Hatter. \'You MUST.', '1999-01-15 22:25:09', '2003-06-03 02:48:41'),
  ('77', '27', 'Mock Turtle to sing \"Twinkle, twinkle, little bat! How I wonder who will put on one knee. \'I\'m a poor man, your Majesty,\' said the Dodo could not tell whether they were IN the well,\' Alice said very.', '1998-10-16 11:46:34', '1987-09-20 15:39:57'),
  ('78', '14', 'I\'ve got to see what would be quite as safe to stay in here any longer!\' She waited for a good many little girls of her voice. Nobody moved. \'Who cares for you?\' said the Dormouse, \'--well in.\' This.', '1999-03-08 11:06:35', '2014-11-03 22:47:15'),
  ('79', '12', 'ME, and told me you had been broken to pieces. \'Please, then,\' said the Queen. \'It proves nothing of the baby?\' said the Queen. \'Never!\' said the Queen. \'I haven\'t the slightest idea,\' said the.', '2017-07-11 16:57:07', '1995-11-19 01:29:19'),
  ('80', '25', 'Caterpillar. Alice said to one of the fact. \'I keep them to sell,\' the Hatter went on, \'I must be the best thing to eat the comfits: this caused some noise and confusion, as the jury wrote it down.', '1991-02-09 04:33:58', '2016-07-26 05:49:53'),
  ('81', '49', 'HER about it.\' \'She\'s in prison,\' the Queen added to one of the words a little, half expecting to see how he did it,) he did with the tarts, you know--\' \'What did they live at the Hatter, who turned.', '2014-02-03 16:27:42', '1996-01-22 10:16:44'),
  ('82', '9', 'CHAPTER XII. Alice\'s Evidence \'Here!\' cried Alice, quite forgetting her promise. \'Treacle,\' said the Mouse was speaking, so that they couldn\'t see it?\' So she was a little faster?\" said a timid and.', '2000-03-06 18:58:29', '2013-09-28 15:56:37'),
  ('83', '35', 'Alice. \'You did,\' said the Caterpillar. \'Not QUITE right, I\'m afraid,\' said Alice, timidly, \'some of the edge of the court. \'What do you know why it\'s called a whiting?\' \'I never said I could let.', '1997-10-02 21:24:52', '2001-12-04 07:58:29'),
  ('84', '46', 'I could not even get her head to hide a smile: some of YOUR business, Two!\' said Seven. \'Yes, it IS his business!\' said Five, \'and I\'ll tell him--it was for bringing the cook tulip-roots instead of.', '2015-11-07 15:46:43', '2011-01-04 06:30:08'),
  ('85', '96', 'She was walking hand in hand with Dinah, and saying to herself, \'to be going messages for a great hurry, muttering to himself as he spoke, \'we were trying--\' \'I see!\' said the King, \'and don\'t be.', '1989-03-26 05:34:02', '1985-05-27 09:34:01'),
  ('86', '35', 'Mock Turtle angrily: \'really you are very dull!\' \'You ought to be patted on the Duchess\'s knee, while plates and dishes crashed around it--once more the pig-baby was sneezing and howling alternately.', '1970-01-24 08:01:51', '1979-09-22 03:31:02'),
  ('87', '81', 'I want to get her head impatiently, and, turning to Alice to herself, as she went on at last, more calmly, though still sobbing a little of her skirt, upsetting all the children she knew, who might.', '1999-02-23 09:41:35', '2012-07-11 18:05:32'),
  ('88', '70', 'I COULD NOT SWIM--\" you can\'t take more.\' \'You mean you can\'t swim, can you?\' he added, turning to Alice. \'Only a thimble,\' said Alice loudly. \'The idea of having the sentence first!\' \'Hold your.', '2019-06-08 21:47:03', '1978-05-21 21:26:46'),
  ('89', '97', 'King was the only difficulty was, that she was going to do it! Oh dear! I\'d nearly forgotten that I\'ve got to the Mock Turtle said: \'no wise fish would go round and get in at the end of the ground,.', '2009-06-22 16:22:37', '1997-04-26 23:57:56'),
  ('90', '7', 'Alice began in a rather offended tone, \'so I can\'t understand it myself to begin at HIS time of life. The King\'s argument was, that anything that looked like the largest telescope that ever was!.', '1980-11-16 08:17:43', '1994-09-16 21:14:10'),
  ('91', '25', 'I\'d only been the whiting,\' said Alice, in a melancholy way, being quite unable to move. She soon got it out to sea. So they went on just as she ran. \'How surprised he\'ll be when he sneezes, For he.', '1974-02-07 18:16:27', '1979-08-24 10:07:58'),
  ('92', '53', 'CHAPTER II. The Pool of Tears \'Curiouser and curiouser!\' cried Alice (she was rather doubtful whether she ought not to make out which were the cook, to see what was on the floor: in another minute.', '1996-04-23 00:53:02', '1978-08-26 13:40:26'),
  ('93', '34', 'VERY long claws and a piece of bread-and-butter in the pool, and the turtles all advance! They are waiting on the floor, and a scroll of parchment in the direction in which case it would make with.', '1976-01-06 11:01:02', '1980-10-15 14:01:29'),
  ('94', '58', 'He looked at it uneasily, shaking it every now and then nodded. \'It\'s no use speaking to it,\' she said to herself, being rather proud of it: for she felt very lonely and low-spirited. In a little.', '1992-12-11 20:33:39', '2005-11-15 16:34:56'),
  ('95', '57', 'D,\' she added in a hurry to change them--\' when she noticed a curious dream, dear, certainly: but now run in to your places!\' shouted the Queen. \'I never heard before, \'Sure then I\'m here! Digging.', '1990-02-24 22:35:51', '2017-12-23 04:30:03'),
  ('96', '79', 'VERY remarkable in that, nor did Alice think it would all wash off in the pool, \'and she sits purring so nicely by the carrier,\' she thought, \'and how funny it\'ll seem to see the Mock Turtle a.', '1997-06-28 22:41:27', '1982-09-02 05:59:40'),
  ('97', '44', 'I meant,\' the King said, for about the temper of your flamingo. Shall I try the effect: the next verse,\' the Gryphon replied rather crossly: \'of course you know about this business?\' the King.', '2015-10-23 05:25:37', '1992-09-24 17:47:39'),
  ('98', '23', 'It\'s the most confusing thing I ever saw one that size? Why, it fills the whole pack of cards, after all. \"--SAID I COULD NOT SWIM--\" you can\'t be civil, you\'d better leave off,\' said the Duchess,.', '1975-05-12 11:51:07', '1983-12-27 22:55:47'),
  ('99', '45', 'Queen shouted at the end.\' \'If you can\'t help that,\' said the Hatter. \'He won\'t stand beating. Now, if you cut your finger VERY deeply with a round face, and large eyes full of tears, but said.', '2017-12-29 08:33:07', '1987-05-05 23:05:57'),
  ('100', '62', 'Alice herself, and once again the tiny hands were clasped upon her face. \'Wake up, Dormouse!\' And they pinched it on both sides at once. \'Give your evidence,\' the King added in an offended tone. And.', '2007-06-23 04:27:33', '2018-10-18 18:41:07');

drop table if exists comments;
create table if not exists comments (
	id serial primary key,
	user_id bigint unsigned not null,
	post_id bigint unsigned not null,
	comment text,
	created_at datetime default current_timestamp,
	updated_at datetime default current_timestamp on update current_timestamp,
	foreign key (user_id) references users(id),
	foreign key (post_id) references posts(id)
);

INSERT INTO comments VALUES
  ('1', '26', '77', 'Aperiam velit facere laborum libero aperiam maiores rerum. Nesciunt blanditiis mollitia ea dicta. Ullam et laboriosam odit veritatis iusto commodi unde.', '1977-11-22 13:10:49', '1978-12-29 20:52:31'),
  ('2', '65', '52', 'Velit sunt ipsum sequi commodi laudantium porro. Ratione enim aut qui ratione praesentium sequi. Mollitia natus ea qui nam tenetur consequatur. Sequi perspiciatis cupiditate quis quisquam similique ab possimus.', '2015-07-04 21:58:57', '1982-07-25 22:24:34'),
  ('3', '70', '87', 'Earum sed similique cupiditate commodi. Ex deserunt debitis qui a dolorum officiis quia.', '1971-09-11 03:22:28', '2005-06-23 18:45:37'),
  ('4', '32', '56', 'Corrupti facere earum iste aliquid cum voluptatem accusantium omnis. Est est provident ut ipsam et aspernatur culpa. Magni ut qui ut deleniti. Repellendus ut quia asperiores vel aliquam nostrum.', '2005-01-15 07:37:48', '2018-07-27 06:31:12'),
  ('5', '55', '85', 'Perspiciatis voluptatem sed reiciendis rem ex omnis perspiciatis. Consequatur sapiente omnis ipsum hic. Quia minus animi molestiae quis. Omnis ut quis magnam rerum itaque beatae minima qui.', '1972-05-12 09:28:42', '1986-06-26 18:43:49'),
  ('6', '25', '69', 'Illum aliquid commodi quis officiis excepturi sunt tempore. Et id est ducimus eligendi ducimus vel tenetur similique. Quia impedit aliquid nostrum aut qui nihil.', '2006-07-23 11:22:43', '2016-06-14 04:30:46'),
  ('7', '45', '21', 'Id quos quia omnis quam. Enim hic ut quis nam harum perspiciatis eius. Molestiae ut vero et vero fuga asperiores. Dignissimos assumenda maxime iure ratione necessitatibus occaecati.', '2007-12-31 23:17:56', '2004-11-06 00:41:48'),
  ('8', '97', '30', 'Incidunt temporibus aperiam qui voluptatem exercitationem. Voluptatem modi omnis porro sit aliquam ullam dolores. Minus tempore ut temporibus quasi sit et. Et odio dolores ad tempora laudantium sit ut molestiae.', '1977-07-28 21:42:13', '1995-11-01 06:33:25'),
  ('9', '15', '3', 'Rerum nam repellendus quibusdam officiis. Repellendus voluptates sint natus corporis tempore reprehenderit. Accusantium doloremque et est qui. Tempora voluptatem sequi illo consequuntur ex architecto delectus. Soluta debitis nulla modi nemo ut sint.', '2001-05-02 23:16:59', '1984-01-31 16:24:05'),
  ('10', '19', '61', 'Eum expedita laborum qui iusto laudantium id. Quisquam eligendi quisquam deserunt delectus tenetur. Tenetur minima ipsum vel dolores.', '2012-10-18 22:29:37', '2006-05-08 02:45:47'),
  ('11', '64', '16', 'Consequatur vero hic et rerum quos aspernatur iure. Sunt quibusdam consequatur iure eum.', '1987-04-13 13:55:01', '1984-06-22 09:04:48'),
  ('12', '3', '62', 'Dolorem est ut molestiae. Ea excepturi voluptatibus inventore. Aut est incidunt quas quia eos. Omnis et mollitia enim consectetur eum quam.', '1988-02-03 22:27:27', '2020-06-15 11:16:14'),
  ('13', '52', '64', 'Necessitatibus totam quasi sint adipisci soluta ea dolorem. Et in itaque blanditiis minima.', '2009-10-24 21:06:40', '1986-07-13 07:04:54'),
  ('14', '18', '44', 'Animi ea necessitatibus est voluptates qui quia hic voluptatem. Saepe et excepturi et consequatur rerum et excepturi qui.', '2019-12-26 04:53:04', '2006-03-03 12:14:36'),
  ('15', '43', '68', 'Dicta minus facere enim dolorum doloremque et. Consequatur voluptas aspernatur doloribus minima dolore dignissimos. Pariatur earum quia blanditiis culpa id ipsa. Unde harum dolor omnis molestias.', '2018-09-06 08:53:53', '1978-07-05 02:48:37'),
  ('16', '84', '69', 'Aspernatur doloremque ab eveniet ipsa. Consequatur perferendis sed est tempora sapiente. Sit vero aut ea culpa doloremque nostrum natus.', '1997-11-24 03:40:00', '1982-09-26 13:36:17'),
  ('17', '45', '49', 'Culpa accusantium necessitatibus modi consequatur fuga ab. Hic explicabo sed quia voluptas nihil explicabo. Rerum harum et sed hic quae. Dolores ab voluptatem debitis.', '1984-11-27 17:27:35', '2020-03-21 13:51:43'),
  ('18', '21', '14', 'Nostrum nihil ipsum facilis. Odio rem a quo debitis. Est esse corporis inventore distinctio est numquam vel.', '2013-07-23 02:13:31', '2013-12-17 21:26:40'),
  ('19', '35', '52', 'Nesciunt tenetur rem omnis sint quia. Voluptas et suscipit aut excepturi nemo. Recusandae illo ratione in qui quo ex ut.', '2017-11-21 07:36:35', '2004-02-24 06:12:26'),
  ('20', '70', '90', 'Magni ut qui corrupti quos voluptatem. Voluptatem quos nemo illum delectus architecto.', '1996-03-03 07:35:44', '2020-06-23 14:31:00'),
  ('21', '37', '94', 'Cupiditate commodi aliquam eos. Quod voluptatum delectus at fugit eum nam beatae. Dignissimos quaerat ad quia quasi. Animi incidunt eos earum quis nobis dolor. Dicta explicabo vero qui incidunt.', '1988-05-29 19:46:04', '2016-10-16 16:44:37'),
  ('22', '59', '81', 'In ut laudantium dicta. Tempore non ut saepe soluta voluptatem officiis. Omnis et quae tempora atque vitae aliquam.', '1975-04-05 04:50:52', '2006-04-10 02:35:33'),
  ('23', '14', '55', 'Et dolor nulla qui. Ex omnis animi molestias rem quia accusamus voluptatum. Quia dolor harum totam consectetur perferendis totam commodi.', '1983-03-05 13:44:24', '2014-05-23 15:48:57'),
  ('24', '11', '29', 'Occaecati maiores debitis aliquam est ex voluptatem. Nam ullam et repellat animi sed ad. Culpa consequuntur vel ab. Illum quibusdam maxime blanditiis in fugit ullam quia.', '2009-01-09 12:04:24', '1997-07-25 00:46:57'),
  ('25', '58', '29', 'Nihil itaque in est molestiae enim aspernatur. Qui dicta sunt qui tempore qui inventore. Aut minus repellendus consequatur id laudantium sint iusto.', '2007-02-06 00:23:52', '2018-04-22 02:01:00'),
  ('26', '90', '22', 'Impedit nemo qui voluptate ut dolor molestiae. Ducimus at soluta placeat repellat. Praesentium veritatis et necessitatibus soluta minus laudantium quae.', '1976-12-19 21:42:25', '2004-02-09 09:08:16'),
  ('27', '44', '92', 'Quia labore magni est beatae ad dolore ullam voluptas. Qui itaque dolorem architecto maxime enim modi qui. Et eius excepturi deserunt dolorem sunt recusandae sit. Sed consequatur odio blanditiis enim et.', '1984-04-03 12:00:09', '1992-10-04 12:52:03'),
  ('28', '83', '96', 'Non error officiis earum aperiam. Quis hic voluptatem sed amet facere quia suscipit consectetur. Est placeat temporibus consequatur laboriosam. Ut blanditiis vitae accusamus mollitia.', '2019-10-07 16:03:28', '1979-04-19 00:43:31'),
  ('29', '55', '100', 'Fugiat officia doloribus quis quod quisquam. Est ut commodi placeat ea sapiente. Autem dolores voluptatibus id dolore.', '1977-05-08 03:56:53', '1987-11-13 12:51:54'),
  ('30', '40', '98', 'Omnis culpa nisi aut. Quaerat quibusdam aut sed commodi repudiandae. Recusandae quod consequuntur qui officiis sint dolorem et.', '2001-12-30 07:04:22', '1978-07-24 06:46:53'),
  ('31', '68', '23', 'Distinctio accusamus quas distinctio qui assumenda rem facilis. Repellendus impedit harum est magni provident. Delectus id animi eum debitis quam.', '1999-07-31 05:38:03', '1975-12-08 04:50:34'),
  ('32', '67', '12', 'Cumque ipsa ut eos odit molestiae. Nulla est at similique autem magnam in. Neque sequi velit autem quia quod sequi. Atque nisi accusantium veritatis sint est est dolor.', '1992-01-19 08:51:50', '2005-06-19 10:28:40'),
  ('33', '71', '87', 'Voluptas aut enim dolores. Numquam adipisci et amet. Ex aut qui perspiciatis quo. Enim sapiente inventore consequatur id est id illum.', '1981-01-25 04:09:14', '2000-09-28 02:20:32'),
  ('34', '26', '6', 'Delectus ratione perferendis laudantium. Atque non quasi voluptates quos ut id sint. Rem velit sunt in fugit qui ex quaerat. Est neque quia ut laboriosam perferendis voluptatibus omnis.', '1971-09-27 01:33:52', '2018-08-13 13:02:02'),
  ('35', '39', '96', 'Et et et necessitatibus dicta voluptatum cumque atque. Blanditiis non sit nihil. Et hic perferendis omnis consequuntur. Ipsam beatae et quo harum rerum dolore alias.', '1972-05-17 02:33:36', '2015-05-04 10:03:02'),
  ('36', '96', '75', 'Numquam rerum cumque ea nisi sit. Dolor fuga assumenda fuga totam sit quo illo.', '1980-08-15 21:11:57', '1991-06-29 07:12:56'),
  ('37', '89', '54', 'Illum ducimus adipisci autem sapiente dolorum pariatur. Sequi similique non sit enim quia accusantium laboriosam. Nisi non tenetur aliquam ut consequuntur tenetur.', '2017-08-20 07:44:48', '2012-08-27 10:20:10'),
  ('38', '56', '3', 'Sed ab est dolores neque sed et soluta dolores. Nesciunt repellat inventore aut est expedita consectetur eveniet. Ipsam ipsa aut alias ullam corporis.', '1980-10-13 10:58:34', '1983-01-13 09:30:39'),
  ('39', '9', '66', 'Reprehenderit suscipit veritatis impedit aperiam eum. Ut quos corporis blanditiis laudantium. Dolorem ex deleniti non ab quis est. Quo voluptas et omnis.', '1984-01-23 19:21:39', '1990-08-27 07:55:25'),
  ('40', '32', '66', 'Necessitatibus ut vel quo sed provident doloremque voluptatibus cum. Dolor eos facere totam necessitatibus. Vitae consectetur sit recusandae iure expedita id. Porro distinctio ipsa et assumenda et accusamus eaque.', '2020-02-23 07:40:12', '1993-03-25 00:51:40'),
  ('41', '95', '21', 'Voluptatem voluptatem quia animi rem. Perferendis sed natus deleniti quia tempore.', '1974-06-06 00:20:34', '1982-11-13 05:38:55'),
  ('42', '88', '39', 'Numquam earum distinctio facilis commodi et. Officiis ipsa molestias repellendus tenetur quia culpa. Nobis omnis et possimus quos.', '2016-11-04 14:51:07', '2020-09-08 10:33:10'),
  ('43', '13', '70', 'Quidem aut voluptas dolorem assumenda aliquam explicabo rerum. Laborum repudiandae omnis voluptatibus labore est autem culpa commodi. Et magni consequatur quia sint in aspernatur. Voluptas in nam vitae consequuntur.', '1971-08-29 12:19:21', '1982-07-30 07:03:45'),
  ('44', '34', '68', 'Magnam in quidem sunt voluptatibus omnis. Sit necessitatibus est ea alias et. Qui ut dolores ipsa maiores. Ut culpa quia enim officiis.', '1990-11-11 14:17:23', '2015-06-04 00:04:39'),
  ('45', '70', '73', 'Itaque aut est et aspernatur. Reiciendis possimus exercitationem sapiente et consequatur. Ullam laborum id libero et eos dolorum. Dignissimos dolor adipisci quia reprehenderit similique et possimus non.', '1994-11-01 21:27:36', '2008-11-24 00:37:59'),
  ('46', '66', '37', 'Quibusdam consectetur dolor error non. Perferendis voluptatibus ullam ex facilis. Repudiandae placeat molestiae blanditiis.', '1998-10-01 01:18:46', '1980-08-18 10:00:15'),
  ('47', '96', '32', 'Rerum tenetur est maxime dolor nemo. At quis ex ut aperiam consequatur sit dolore magnam. Ipsa consequatur ipsum sunt reiciendis cumque totam.', '2007-12-19 09:36:52', '1994-03-18 20:43:21'),
  ('48', '49', '67', 'Iure mollitia laudantium culpa quis. Aperiam corporis dolor sit repellat sed qui. Dolorem et aut molestias sed qui aspernatur voluptas.', '1999-08-28 02:11:16', '2017-07-13 21:25:26'),
  ('49', '19', '75', 'Ipsam et consequuntur consequatur quibusdam ea rem excepturi. Saepe vel ut iure ipsa adipisci velit quod. Dolorem ea dolores soluta distinctio ipsum nesciunt blanditiis. Maiores sit aliquid et a architecto.', '1976-12-01 02:03:20', '1979-03-10 13:07:18'),
  ('50', '73', '57', 'Repellendus aspernatur architecto nam. Ad dolores quibusdam voluptatem ut dolorem et dicta. Ipsa repudiandae voluptas sit et totam. Qui nostrum eveniet debitis in impedit eveniet. Aut recusandae consequatur in in omnis recusandae.', '2018-11-11 10:24:07', '1977-11-13 11:47:31'),
  ('51', '70', '68', 'Repellat illum et perspiciatis dolorum. Nihil reiciendis debitis molestiae repellat earum exercitationem. Mollitia ratione qui ipsam sed dicta suscipit distinctio nemo.', '1995-12-18 13:38:48', '1987-02-18 02:17:31'),
  ('52', '32', '59', 'Quis ut suscipit explicabo error quas sit. Sapiente ratione minima dolores eum nesciunt nobis ratione. Sit molestiae aut dolor repellendus.', '1978-09-09 13:57:23', '1996-12-03 10:17:49'),
  ('53', '21', '87', 'Ut voluptatem quidem vero non consequatur nostrum. Saepe illo et est veniam quos hic voluptatem. Illo nisi molestiae voluptatum voluptatum nam est cum. Sit reprehenderit officia est sed quos adipisci.', '2008-03-16 00:30:31', '2015-08-23 08:21:33'),
  ('54', '62', '29', 'Cupiditate odio sit beatae. Tenetur alias non est sint aut asperiores quo. Quos saepe ipsam incidunt omnis est officia debitis nisi.', '1987-03-14 17:42:09', '2017-02-02 05:04:25'),
  ('55', '52', '93', 'Voluptatibus cum sapiente quisquam officiis qui velit. Architecto est saepe est animi veritatis illum voluptatem.', '1970-06-07 08:02:32', '1998-05-01 03:30:49'),
  ('56', '95', '46', 'Distinctio sit aut illum sunt adipisci nobis sed excepturi. Consectetur blanditiis animi sunt earum provident quas impedit impedit. Esse rerum consequatur numquam quaerat impedit aperiam expedita. Ut dolores ut unde est sed dignissimos reprehenderit.', '2002-06-30 15:20:41', '1997-12-03 20:55:15'),
  ('57', '13', '82', 'Quia ea nesciunt delectus eos cumque sed omnis. Dolores illo adipisci iste. Enim quia fugit pariatur et reprehenderit. Quo laborum possimus temporibus dolorem est quis. Eos et sit neque nihil quaerat cum necessitatibus dolores.', '1995-06-05 07:00:54', '1983-03-05 09:43:03'),
  ('58', '85', '26', 'Consequatur sit accusamus totam consequatur molestiae. Quaerat aut ut suscipit asperiores et. Dicta quasi non sequi molestiae aperiam ducimus occaecati. Ut est fuga et est aut sequi.', '1999-11-04 17:12:20', '2016-06-22 07:06:34'),
  ('59', '52', '18', 'Est dolores cupiditate qui sed aspernatur minus. Quas quibusdam iure possimus voluptatibus vel. Quam et enim ea magni. Blanditiis reiciendis delectus omnis deleniti animi.', '1971-10-17 19:00:42', '2019-01-12 02:54:58'),
  ('60', '93', '21', 'Odit reprehenderit quia occaecati illum voluptates sunt voluptatum. Iure ea consequatur quo. Minus qui dicta architecto repellat. Quos iusto magnam quia velit placeat tempora cupiditate.', '1984-01-18 21:52:39', '1978-08-08 03:04:28'),
  ('61', '91', '58', 'Molestiae pariatur aliquam nostrum. Nulla ut officia est quos vero voluptas voluptate corporis. Praesentium asperiores aut suscipit illum. Consectetur consectetur ad blanditiis ratione tempore. Quasi consequatur quis ut voluptas.', '2020-11-02 16:01:32', '1996-10-26 13:37:18'),
  ('62', '57', '87', 'Nihil ea deleniti explicabo et cumque ut. Non et reiciendis et. Quod a eum culpa tempore incidunt.', '2007-01-16 13:06:28', '1976-01-27 08:46:51'),
  ('63', '89', '6', 'Quae non sint consequatur et vel odit voluptatum ipsum. Modi nam quos nisi. Iure ut aut eligendi corrupti enim iusto unde. Consectetur qui enim perferendis vero.', '1992-10-05 12:10:23', '2010-05-26 23:06:20'),
  ('64', '54', '7', 'Pariatur illum enim natus omnis magnam ullam quasi. Voluptas possimus reprehenderit harum assumenda aperiam et. Libero et ut corrupti maxime sint quos repellat.', '1988-01-05 06:57:38', '1986-04-04 09:46:34'),
  ('65', '80', '26', 'Dolores et ducimus dolor molestiae iusto. Non culpa non qui. Quis suscipit autem blanditiis ipsum magni id quisquam.', '1997-12-14 10:10:22', '1975-07-09 13:24:49'),
  ('66', '64', '49', 'Fuga aut accusamus necessitatibus qui et modi asperiores. Voluptatibus molestias fugiat ex eaque rerum voluptatibus totam. Quos numquam deleniti ab excepturi ex.', '1973-09-05 09:48:48', '1982-07-04 03:28:27'),
  ('67', '93', '95', 'Minus soluta illo ab ullam ipsum iste. Et similique ullam repudiandae rerum ut aut quisquam. Est delectus temporibus ab illo quo reprehenderit qui voluptatem. Voluptas laborum incidunt et doloremque culpa reiciendis.', '2020-07-26 08:33:08', '1984-02-28 18:01:53'),
  ('68', '8', '14', 'Aut beatae distinctio optio distinctio delectus. Dolor laudantium minus est sint explicabo dolores. Praesentium velit maxime nihil ut consequatur odio. Sequi cupiditate ipsum eligendi voluptates dolores reprehenderit maxime.', '2004-11-09 03:47:01', '1994-12-07 19:45:20'),
  ('69', '81', '69', 'Dolor deserunt non aperiam qui. Blanditiis ipsa et est molestias quae eaque et. Repellendus repudiandae et alias sint.', '1992-11-26 13:40:27', '1970-06-28 22:13:57'),
  ('70', '43', '33', 'Reprehenderit sit ullam molestias est ex impedit occaecati. Laborum id aut qui deleniti fuga. Amet dolores eius ad sint amet nisi. Odio voluptates minima aut veritatis velit molestiae assumenda. Quibusdam placeat omnis consequatur modi.', '1972-06-12 16:06:01', '1993-11-01 08:18:20'),
  ('71', '61', '37', 'Eaque qui placeat vero ratione non quae. Vel dolor autem ad quam perferendis velit dicta. Iusto nam ratione dolorem sit fuga facilis natus. Tempora quidem incidunt et neque laborum cum aut.', '1971-07-19 20:05:42', '1976-07-04 19:08:23'),
  ('72', '79', '74', 'Voluptatum quod reprehenderit sit ratione eaque dicta. Maxime aut eaque reprehenderit ea.', '2017-10-27 11:47:37', '1973-02-03 06:52:21'),
  ('73', '19', '63', 'Consequuntur doloremque qui rerum. Odit corrupti sed voluptate deleniti. Corrupti natus eaque distinctio velit blanditiis. Eum mollitia beatae unde magni.', '1988-06-09 14:19:30', '2013-08-03 23:48:07'),
  ('74', '99', '71', 'Ea commodi debitis suscipit nisi reiciendis. Veritatis veniam sit expedita explicabo sunt pariatur odio. Ex itaque laborum sunt qui quo deserunt est. Dolorem odit qui fugit iusto.', '2013-05-16 10:35:45', '1981-09-17 14:29:12'),
  ('75', '81', '92', 'Non laboriosam est est quae magnam. Ex eius impedit est veritatis cupiditate vel. Iusto nesciunt qui id error nihil odio.', '2019-10-24 16:21:30', '1981-05-28 19:25:42'),
  ('76', '91', '71', 'Aperiam perspiciatis quos voluptas. Maxime aut dolores tempore quos. Aliquam quia mollitia a nihil.', '1982-11-27 13:30:34', '1984-08-02 18:38:51'),
  ('77', '49', '48', 'Qui aspernatur soluta quia nihil ea. Voluptatum illum tenetur sit non ab voluptatum. Aut sed ratione quasi quod magnam ipsum. Nisi non voluptatem accusamus.', '1986-11-01 01:53:15', '1977-04-04 16:25:39'),
  ('78', '58', '38', 'Sint perferendis similique minus quia atque enim in. Asperiores ut veritatis rerum fugit. Sint repellat ut qui aut laborum perferendis nulla.', '1982-04-13 10:15:43', '2001-01-30 03:13:27'),
  ('79', '53', '11', 'Sit suscipit optio consectetur sunt est distinctio eum et. Vel ea qui qui quia adipisci quae. Omnis quam a qui autem inventore sit. Provident reprehenderit ut non beatae deleniti rem.', '1974-04-26 22:23:14', '1997-06-03 22:41:04'),
  ('80', '45', '33', 'Voluptatem et blanditiis ab assumenda. Iure in magnam sunt et rerum qui in. Natus commodi placeat sit at qui nostrum. Aut amet dignissimos ut suscipit consequatur.', '1974-08-13 08:42:09', '1980-08-23 15:53:24'),
  ('81', '36', '9', 'Excepturi cupiditate officia culpa accusantium. Veritatis voluptatum beatae laudantium reprehenderit neque dolorem. Vel officia mollitia asperiores earum aut. Magni harum quo esse eos.', '2008-10-01 09:05:04', '2003-11-04 06:41:55'),
  ('82', '82', '29', 'Aliquam ex earum in et quaerat et. Exercitationem sed enim reiciendis iusto. Corporis recusandae consequatur omnis tempore repellat.', '1973-10-29 23:22:26', '1974-10-12 05:32:47'),
  ('83', '3', '89', 'Qui consequatur ipsum commodi voluptatum deleniti nulla voluptatibus facilis. Quia numquam commodi earum doloremque. Perspiciatis tempora optio officiis iure ut eos omnis.', '1979-05-29 08:15:04', '1973-07-13 02:10:19'),
  ('84', '42', '84', 'Saepe facere vel quia ut. Ut ipsum molestiae unde nam fuga accusamus vel. Nemo quo dicta quis voluptas quam illo.', '1989-09-26 14:54:32', '1970-02-18 05:20:30'),
  ('85', '58', '84', 'Doloremque est quidem aut animi. Et nihil quis id ducimus est eaque enim. Ut asperiores optio in ullam veritatis totam. Et eius aspernatur similique fugit commodi qui sapiente.', '1983-07-18 18:18:40', '1990-12-05 10:52:33'),
  ('86', '16', '18', 'Enim ducimus facilis sunt est ut officia. Eos ea deserunt ea consequuntur repellat vel. Qui explicabo vel et sed ut quos ad.', '1989-09-15 19:55:16', '2006-01-20 15:40:57'),
  ('87', '21', '94', 'Possimus voluptas ut saepe culpa non sit. Eos molestias quis voluptas. Consequatur repellendus voluptas perspiciatis libero et atque sunt id. Incidunt aut ut et quasi quisquam nesciunt. Minus occaecati ut autem assumenda eos.', '2007-12-19 13:22:16', '1992-01-30 03:26:42'),
  ('88', '92', '40', 'Ut provident possimus repellat occaecati sunt non numquam illo. Voluptatem et alias quis dignissimos natus optio perferendis. Corporis dolore labore veritatis praesentium et perferendis est. Optio nam minus consectetur perspiciatis dolorum et. Iure sapiente et cumque consectetur.', '1995-05-28 20:08:38', '2020-07-15 21:44:04'),
  ('89', '56', '91', 'Voluptatem dolores non nisi. Rerum doloribus mollitia quo ut. Ratione dolores non iure est voluptate. Et beatae corporis dolor corporis et nisi sapiente et. Saepe sapiente voluptas ut consequatur distinctio similique.', '1998-12-03 22:32:25', '1991-03-24 15:08:07'),
  ('90', '10', '37', 'Illum enim et ut corporis hic velit suscipit velit. Quia velit explicabo delectus nulla architecto. Eaque et non voluptas veritatis reprehenderit explicabo beatae.', '2007-05-09 20:00:20', '2012-05-28 08:02:59'),
  ('91', '82', '1', 'Quasi ab iure eos esse reprehenderit id et aut. Id exercitationem aut et vitae.', '2019-02-01 21:29:35', '1986-02-01 08:28:57'),
  ('92', '8', '31', 'Ratione fugiat aut corrupti illo. Ut voluptates quia molestiae praesentium. Illum molestiae quia maxime eos ut.', '2010-08-28 07:15:06', '2009-06-09 07:53:43'),
  ('93', '48', '65', 'Eaque possimus iure fugit aliquid voluptatem culpa labore. Delectus aliquam quia sint et. Culpa rerum asperiores eum voluptatem tempore natus.', '1991-05-28 22:05:29', '2004-11-08 09:07:07'),
  ('94', '69', '1', 'Est molestias aut dolorem et. Delectus voluptates eaque ipsum necessitatibus cum. Vero vel eius reprehenderit. Possimus in vero consequatur maiores ipsum voluptatibus quidem.', '1991-10-14 04:50:06', '1990-09-20 01:31:55'),
  ('95', '76', '13', 'Velit ratione laudantium est aut alias. Amet sequi error pariatur minus cumque quo. Dolore dolor voluptatibus voluptate voluptatem quis voluptatibus sed ea. Illo minima provident id vero unde. Provident laboriosam in laborum quia ducimus.', '2014-03-26 21:40:07', '2019-11-16 15:54:35'),
  ('96', '34', '12', 'Ut consectetur animi est sint. Ipsum quibusdam et soluta necessitatibus sed harum fuga. Accusamus ab corporis quis iusto aut qui unde.', '2020-03-25 19:04:58', '2007-11-01 07:59:46'),
  ('97', '22', '15', 'Aspernatur in ut repellendus officiis incidunt aliquid quam. Explicabo nihil maxime nisi. Voluptatem iste eligendi possimus eos voluptas aut occaecati. Quod esse et cumque eius.', '1981-07-27 00:42:46', '1973-06-03 11:41:55'),
  ('98', '40', '24', 'Ut ea rerum quos repudiandae ut ullam aut. Suscipit voluptatem quo beatae non nostrum qui dolores. Cum aut aliquid ipsum et qui rem autem. Sint possimus molestiae voluptatem sunt dolorum dignissimos adipisci.', '1992-08-11 17:09:06', '2019-03-03 01:29:53'),
  ('99', '4', '82', 'Cupiditate necessitatibus magni natus quo hic suscipit. Ipsum minima vero magni velit numquam. Nihil iste modi facilis autem.', '2013-06-22 07:24:58', '2018-09-10 10:55:39'),
  ('100', '7', '61', 'Quis sunt aut suscipit quia dolorum. Vitae consequatur quia tempore delectus. Suscipit esse repellat laudantium natus quibusdam voluptatem. Saepe tenetur dolores voluptatibus explicabo.', '2008-10-18 10:36:12', '1989-08-30 11:13:40');

drop table if exists photos;
create table if not exists photos (
	id serial primary key,
	filename varchar(200),
	user_id bigint unsigned not null,
	created_at datetime default current_timestamp,
	foreign key (user_id) references users(id)
);

INSERT INTO photos VALUES
  ('1', 'http://lorempixel.com/640/480/', '26', '2005-08-14 20:44:14'),
  ('2', 'http://lorempixel.com/640/480/', '82', '1983-08-06 08:49:51'),
  ('3', 'http://lorempixel.com/640/480/', '14', '1977-03-08 15:30:48'),
  ('4', 'http://lorempixel.com/640/480/', '11', '1990-02-12 07:13:20'),
  ('5', 'http://lorempixel.com/640/480/', '100', '1986-09-21 18:05:48'),
  ('6', 'http://lorempixel.com/640/480/', '47', '1987-04-30 04:18:23'),
  ('7', 'http://lorempixel.com/640/480/', '4', '1998-04-28 22:32:50'),
  ('8', 'http://lorempixel.com/640/480/', '15', '2016-01-28 10:46:48'),
  ('9', 'http://lorempixel.com/640/480/', '40', '2008-03-30 09:15:45'),
  ('10', 'http://lorempixel.com/640/480/', '94', '1984-05-12 23:31:02'),
  ('11', 'http://lorempixel.com/640/480/', '49', '1992-05-30 22:03:57'),
  ('12', 'http://lorempixel.com/640/480/', '21', '2020-04-01 19:18:31'),
  ('13', 'http://lorempixel.com/640/480/', '86', '1990-10-16 20:08:37'),
  ('14', 'http://lorempixel.com/640/480/', '42', '1983-03-22 12:00:19'),
  ('15', 'http://lorempixel.com/640/480/', '52', '1984-06-09 01:58:18'),
  ('16', 'http://lorempixel.com/640/480/', '95', '2020-04-07 23:27:45'),
  ('17', 'http://lorempixel.com/640/480/', '13', '2015-06-04 07:23:04'),
  ('18', 'http://lorempixel.com/640/480/', '78', '2013-10-26 09:46:18'),
  ('19', 'http://lorempixel.com/640/480/', '42', '1997-05-27 19:46:29'),
  ('20', 'http://lorempixel.com/640/480/', '18', '2012-03-28 05:17:48'),
  ('21', 'http://lorempixel.com/640/480/', '90', '2013-03-09 01:47:53'),
  ('22', 'http://lorempixel.com/640/480/', '84', '1971-07-30 06:32:17'),
  ('23', 'http://lorempixel.com/640/480/', '56', '1999-08-20 21:31:45'),
  ('24', 'http://lorempixel.com/640/480/', '51', '2001-06-04 16:01:07'),
  ('25', 'http://lorempixel.com/640/480/', '25', '1977-05-26 20:39:06'),
  ('26', 'http://lorempixel.com/640/480/', '58', '1979-08-08 11:34:40'),
  ('27', 'http://lorempixel.com/640/480/', '61', '1976-08-03 08:42:18'),
  ('28', 'http://lorempixel.com/640/480/', '32', '2011-08-11 17:01:33'),
  ('29', 'http://lorempixel.com/640/480/', '71', '2012-01-23 00:22:33'),
  ('30', 'http://lorempixel.com/640/480/', '15', '2014-05-03 23:46:35'),
  ('31', 'http://lorempixel.com/640/480/', '7', '1995-01-13 03:51:46'),
  ('32', 'http://lorempixel.com/640/480/', '97', '1989-03-08 08:23:35'),
  ('33', 'http://lorempixel.com/640/480/', '97', '1975-12-11 04:01:44'),
  ('34', 'http://lorempixel.com/640/480/', '20', '2017-01-25 15:13:39'),
  ('35', 'http://lorempixel.com/640/480/', '8', '1999-06-14 05:47:57'),
  ('36', 'http://lorempixel.com/640/480/', '97', '1998-05-15 02:53:51'),
  ('37', 'http://lorempixel.com/640/480/', '67', '1994-02-09 10:23:04'),
  ('38', 'http://lorempixel.com/640/480/', '12', '1997-08-22 21:45:36'),
  ('39', 'http://lorempixel.com/640/480/', '12', '1996-09-04 22:43:41'),
  ('40', 'http://lorempixel.com/640/480/', '6', '1996-07-11 03:34:13'),
  ('41', 'http://lorempixel.com/640/480/', '5', '1983-02-14 08:39:40'),
  ('42', 'http://lorempixel.com/640/480/', '60', '1990-04-17 20:27:02'),
  ('43', 'http://lorempixel.com/640/480/', '27', '2010-12-23 15:37:01'),
  ('44', 'http://lorempixel.com/640/480/', '90', '1985-12-19 10:07:49'),
  ('45', 'http://lorempixel.com/640/480/', '2', '2006-06-25 17:36:55'),
  ('46', 'http://lorempixel.com/640/480/', '78', '1994-05-02 08:33:40'),
  ('47', 'http://lorempixel.com/640/480/', '85', '1988-11-10 18:41:35'),
  ('48', 'http://lorempixel.com/640/480/', '14', '1983-07-23 08:08:47'),
  ('49', 'http://lorempixel.com/640/480/', '56', '1974-11-28 02:28:47'),
  ('50', 'http://lorempixel.com/640/480/', '26', '1990-06-06 01:03:43'),
  ('51', 'http://lorempixel.com/640/480/', '32', '1972-12-25 20:04:38'),
  ('52', 'http://lorempixel.com/640/480/', '45', '2002-08-29 08:29:08'),
  ('53', 'http://lorempixel.com/640/480/', '10', '2013-04-01 05:19:54'),
  ('54', 'http://lorempixel.com/640/480/', '88', '1991-12-31 15:29:22'),
  ('55', 'http://lorempixel.com/640/480/', '95', '1972-05-06 03:41:40'),
  ('56', 'http://lorempixel.com/640/480/', '34', '1998-09-28 22:30:05'),
  ('57', 'http://lorempixel.com/640/480/', '45', '2014-12-01 13:23:40'),
  ('58', 'http://lorempixel.com/640/480/', '56', '2016-10-03 16:42:59'),
  ('59', 'http://lorempixel.com/640/480/', '66', '2011-04-07 11:08:04'),
  ('60', 'http://lorempixel.com/640/480/', '16', '2009-07-26 12:34:37'),
  ('61', 'http://lorempixel.com/640/480/', '71', '1990-04-01 19:37:11'),
  ('62', 'http://lorempixel.com/640/480/', '72', '2005-02-14 13:18:46'),
  ('63', 'http://lorempixel.com/640/480/', '13', '1970-12-07 01:31:10'),
  ('64', 'http://lorempixel.com/640/480/', '68', '2012-07-15 15:25:52'),
  ('65', 'http://lorempixel.com/640/480/', '92', '1983-09-22 17:50:05'),
  ('66', 'http://lorempixel.com/640/480/', '20', '2016-05-26 20:23:45'),
  ('67', 'http://lorempixel.com/640/480/', '65', '1985-04-03 10:57:02'),
  ('68', 'http://lorempixel.com/640/480/', '59', '2013-09-28 13:03:03'),
  ('69', 'http://lorempixel.com/640/480/', '31', '2007-10-03 15:38:31'),
  ('70', 'http://lorempixel.com/640/480/', '76', '1974-10-10 17:10:45'),
  ('71', 'http://lorempixel.com/640/480/', '65', '1989-08-06 01:57:28'),
  ('72', 'http://lorempixel.com/640/480/', '35', '2004-05-23 13:16:16'),
  ('73', 'http://lorempixel.com/640/480/', '36', '1970-09-07 21:26:49'),
  ('74', 'http://lorempixel.com/640/480/', '91', '1990-05-21 18:31:01'),
  ('75', 'http://lorempixel.com/640/480/', '24', '1975-10-17 23:35:19'),
  ('76', 'http://lorempixel.com/640/480/', '37', '1988-03-05 09:42:51'),
  ('77', 'http://lorempixel.com/640/480/', '69', '1991-10-03 17:23:53'),
  ('78', 'http://lorempixel.com/640/480/', '8', '1983-11-30 18:54:36'),
  ('79', 'http://lorempixel.com/640/480/', '51', '1986-01-20 14:16:08'),
  ('80', 'http://lorempixel.com/640/480/', '24', '1977-11-11 08:00:53'),
  ('81', 'http://lorempixel.com/640/480/', '34', '1971-03-03 17:57:19'),
  ('82', 'http://lorempixel.com/640/480/', '83', '2005-01-17 01:42:27'),
  ('83', 'http://lorempixel.com/640/480/', '69', '2015-06-26 23:57:49'),
  ('84', 'http://lorempixel.com/640/480/', '43', '2019-09-18 14:02:50'),
  ('85', 'http://lorempixel.com/640/480/', '70', '1984-07-28 01:01:58'),
  ('86', 'http://lorempixel.com/640/480/', '64', '1975-12-08 21:25:38'),
  ('87', 'http://lorempixel.com/640/480/', '77', '1998-07-12 08:34:14'),
  ('88', 'http://lorempixel.com/640/480/', '14', '1979-12-25 03:26:33'),
  ('89', 'http://lorempixel.com/640/480/', '20', '2016-05-31 15:50:17'),
  ('90', 'http://lorempixel.com/640/480/', '42', '2013-01-19 05:48:51'),
  ('91', 'http://lorempixel.com/640/480/', '30', '2007-06-06 02:02:38'),
  ('92', 'http://lorempixel.com/640/480/', '90', '1999-11-06 00:16:32'),
  ('93', 'http://lorempixel.com/640/480/', '14', '2008-08-28 20:10:37'),
  ('94', 'http://lorempixel.com/640/480/', '42', '1985-01-10 21:33:19'),
  ('95', 'http://lorempixel.com/640/480/', '58', '1979-08-04 10:10:16'),
  ('96', 'http://lorempixel.com/640/480/', '6', '1981-02-07 01:17:14'),
  ('97', 'http://lorempixel.com/640/480/', '61', '1980-05-14 04:47:08'),
  ('98', 'http://lorempixel.com/640/480/', '22', '1990-07-02 02:33:53'),
  ('99', 'http://lorempixel.com/640/480/', '64', '1991-11-26 20:27:41'),
  ('100', 'http://lorempixel.com/640/480/', '92', '1984-06-29 04:34:21');

drop table if exists likes_users;
create table if not exists likes_users (
	from_user_id bigint unsigned comment 'Кто поставил лайк',
	to_user_id bigint unsigned comment 'Кому',
	created_at datetime default current_timestamp,
	primary key(from_user_id, to_user_id),
	foreign key (from_user_id) references users(id),
	foreign key (to_user_id) references users(id)
);

INSERT INTO likes_users VALUES
  ('3', '2', '1976-04-08 12:22:22'),
  ('4', '84', '1970-11-03 13:23:39'),
  ('5', '27', '1981-03-02 10:51:37'),
  ('5', '69', '2005-11-23 01:38:28'),
  ('7', '6', '1977-09-10 08:27:59'),
  ('8', '14', '1996-04-27 12:36:13'),
  ('9', '1', '1990-04-26 18:44:54'),
  ('12', '2', '1975-05-14 19:23:37'),
  ('12', '17', '2016-05-10 02:34:29'),
  ('13', '75', '2004-09-16 23:30:55'),
  ('14', '30', '1980-04-25 14:34:11'),
  ('14', '51', '1989-02-20 06:29:46'),
  ('16', '5', '1987-05-09 21:12:05'),
  ('16', '62', '1992-05-31 14:54:12'),
  ('18', '6', '2007-02-10 00:41:20'),
  ('18', '66', '2010-01-18 00:00:20'),
  ('18', '90', '1970-08-29 01:09:16'),
  ('20', '13', '1977-08-01 06:55:05'),
  ('25', '85', '1973-12-22 17:10:55'),
  ('29', '41', '1988-03-27 08:18:26'),
  ('30', '46', '2003-07-06 03:57:13'),
  ('32', '50', '2020-08-25 00:30:24'),
  ('32', '79', '2015-03-20 01:24:29'),
  ('32', '83', '2001-06-13 14:29:09'),
  ('33', '59', '1998-07-08 00:06:43'),
  ('34', '96', '1995-08-22 07:31:51'),
  ('35', '25', '2015-07-24 10:24:00'),
  ('35', '69', '1994-05-17 07:55:35'),
  ('37', '44', '2000-02-26 11:45:03'),
  ('37', '65', '1988-08-09 21:16:27'),
  ('38', '5', '1994-10-12 09:41:11'),
  ('38', '24', '1994-01-02 19:49:07'),
  ('38', '43', '1978-02-25 19:28:08'),
  ('38', '87', '1983-09-21 07:02:47'),
  ('39', '89', '1977-04-04 16:47:48'),
  ('40', '27', '1992-06-26 05:39:42'),
  ('41', '55', '1981-05-21 18:45:11'),
  ('41', '99', '1983-12-11 06:59:45'),
  ('46', '66', '1981-05-08 17:31:48'),
  ('48', '27', '1970-09-05 20:20:14'),
  ('49', '55', '2018-10-06 11:40:02'),
  ('50', '87', '1971-11-26 03:22:31'),
  ('51', '33', '1973-03-22 14:12:56'),
  ('51', '90', '2019-09-07 22:27:03'),
  ('52', '42', '2019-05-02 12:21:23'),
  ('54', '30', '1972-03-06 10:49:35'),
  ('54', '42', '2020-07-22 13:44:16'),
  ('55', '27', '1991-09-14 04:06:29'),
  ('56', '1', '1978-12-08 02:28:18'),
  ('57', '66', '1999-08-20 17:24:11'),
  ('57', '88', '1987-11-08 05:48:13'),
  ('59', '52', '1982-07-24 00:46:37'),
  ('59', '91', '1973-09-21 12:21:34'),
  ('60', '14', '2014-06-18 13:29:18'),
  ('62', '80', '1982-01-13 02:05:44'),
  ('62', '93', '1971-10-17 19:19:43'),
  ('63', '8', '2013-04-22 10:32:04'),
  ('63', '54', '1995-09-04 12:56:30'),
  ('64', '49', '1988-05-14 23:15:21'),
  ('65', '99', '2001-11-20 04:25:47'),
  ('66', '8', '2007-02-22 04:35:28'),
  ('67', '26', '2017-03-11 10:43:26'),
  ('67', '56', '1980-09-29 14:07:12'),
  ('67', '66', '1972-09-17 13:26:32'),
  ('68', '11', '1993-04-28 21:33:08'),
  ('68', '15', '2016-11-27 01:42:27'),
  ('69', '24', '2019-11-25 14:39:14'),
  ('69', '79', '2002-03-11 15:28:36'),
  ('70', '37', '2007-05-20 20:49:59'),
  ('70', '79', '2009-05-26 09:29:36'),
  ('71', '7', '1994-10-06 23:39:19'),
  ('71', '82', '2012-04-14 16:47:46'),
  ('72', '21', '1979-07-31 00:22:35'),
  ('74', '67', '1988-07-17 04:47:58'),
  ('76', '1', '1977-03-04 21:57:16'),
  ('78', '37', '2009-04-28 01:34:27'),
  ('78', '73', '2017-02-06 04:17:39'),
  ('79', '78', '1974-09-22 14:07:53'),
  ('81', '99', '1976-07-02 23:39:43'),
  ('83', '5', '1970-05-06 23:18:50'),
  ('84', '60', '1972-12-10 08:16:55'),
  ('86', '56', '2011-10-07 18:20:17'),
  ('86', '64', '1977-04-29 09:28:06'),
  ('86', '74', '2002-09-23 03:22:13'),
  ('88', '89', '1989-10-10 10:38:53'),
  ('89', '67', '1998-05-04 21:44:35'),
  ('90', '29', '2001-06-26 22:26:48'),
  ('90', '52', '1978-04-25 05:12:31'),
  ('92', '57', '1980-07-23 08:56:04'),
  ('93', '24', '2006-12-31 07:21:13'),
  ('93', '80', '1999-02-14 19:41:59'),
  ('95', '40', '2004-08-29 23:12:35'),
  ('95', '77', '2005-09-09 06:45:29'),
  ('96', '53', '1992-05-01 03:06:36'),
  ('96', '91', '1986-07-25 13:07:05'),
  ('96', '94', '2005-10-02 19:37:43'),
  ('98', '17', '2001-04-09 18:58:50'),
  ('98', '36', '2006-03-04 20:52:48'),
  ('98', '64', '2002-09-02 23:59:17'),
  ('100', '86', '2014-04-03 06:09:10');

drop table if exists likes_photos;
create table if not exists likes_photos (
	user_id bigint unsigned,
	photo_id bigint unsigned,
	created_at datetime default current_timestamp,
	primary key(user_id, photo_id),
	foreign key (user_id) references users(id),
	foreign key (photo_id) references photos(id)
);

INSERT INTO likes_photos VALUES
  ('2', '69', '2007-08-02 14:52:12'),
  ('2', '81', '1996-04-24 16:39:54'),
  ('3', '18', '1972-09-05 04:12:38'),
  ('3', '49', '1978-11-30 20:05:15'),
  ('3', '100', '2004-05-14 09:25:01'),
  ('5', '8', '1977-05-29 05:27:56'),
  ('5', '44', '1970-10-25 12:28:38'),
  ('6', '80', '1983-05-27 15:05:44'),
  ('8', '100', '2017-05-23 16:43:15'),
  ('10', '38', '2015-06-15 09:26:45'),
  ('10', '94', '1980-10-17 16:17:05'),
  ('11', '81', '2004-12-17 14:22:22'),
  ('13', '45', '2009-07-08 21:44:40'),
  ('13', '68', '1992-07-15 02:34:10'),
  ('14', '26', '2000-06-17 20:47:40'),
  ('14', '93', '1985-06-09 00:18:18'),
  ('15', '23', '2014-03-12 06:56:20'),
  ('15', '25', '1992-02-10 10:30:07'),
  ('15', '88', '1986-10-27 03:04:14'),
  ('16', '16', '1973-07-04 17:18:53'),
  ('17', '36', '1992-12-16 15:30:39'),
  ('18', '41', '1997-01-01 10:12:32'),
  ('19', '73', '2011-10-17 05:46:37'),
  ('22', '22', '2005-03-27 17:05:54'),
  ('22', '32', '2006-11-06 05:19:37'),
  ('22', '78', '1995-02-09 15:28:03'),
  ('23', '12', '1999-09-16 21:03:25'),
  ('23', '85', '1988-03-14 06:58:22'),
  ('23', '87', '1995-08-10 10:24:29'),
  ('25', '92', '2011-12-09 06:02:53'),
  ('26', '15', '1974-04-20 08:28:53'),
  ('27', '19', '1985-06-19 04:37:48'),
  ('27', '93', '1996-11-03 23:10:46'),
  ('28', '40', '1976-01-12 00:30:11'),
  ('30', '3', '1998-04-07 00:09:47'),
  ('30', '74', '1995-06-16 16:01:06'),
  ('31', '46', '2003-05-07 00:11:20'),
  ('32', '68', '1985-03-20 03:24:18'),
  ('33', '24', '1987-05-25 18:59:11'),
  ('33', '34', '1988-10-06 08:25:41'),
  ('33', '37', '2001-11-11 09:05:01'),
  ('34', '84', '1982-08-14 09:14:27'),
  ('35', '31', '1990-02-14 02:18:06'),
  ('37', '44', '2019-06-17 19:38:05'),
  ('40', '62', '1981-10-09 16:51:47'),
  ('42', '38', '1983-06-05 04:31:34'),
  ('42', '49', '1992-02-11 12:59:34'),
  ('42', '95', '2001-07-04 05:45:34'),
  ('43', '99', '2001-07-27 01:24:01'),
  ('44', '1', '1972-05-22 13:47:58'),
  ('44', '35', '2000-05-18 18:27:53'),
  ('44', '61', '2013-01-10 14:55:31'),
  ('44', '75', '2014-10-09 02:21:49'),
  ('44', '78', '1988-03-20 17:42:28'),
  ('45', '37', '1988-02-08 22:19:08'),
  ('46', '50', '1978-12-11 16:48:21'),
  ('48', '28', '1982-09-20 12:39:49'),
  ('48', '34', '2000-04-02 11:07:34'),
  ('48', '79', '1983-07-18 19:11:18'),
  ('50', '51', '2006-09-10 16:22:20'),
  ('52', '1', '1978-08-21 00:21:01'),
  ('53', '9', '1996-12-18 09:19:02'),
  ('53', '99', '2006-12-08 14:04:42'),
  ('55', '4', '1987-12-28 23:53:12'),
  ('55', '6', '1990-12-21 11:44:29'),
  ('57', '66', '1993-03-11 19:36:41'),
  ('58', '3', '2009-01-26 23:51:56'),
  ('59', '48', '2007-05-21 22:26:03'),
  ('59', '99', '2012-11-20 21:55:38'),
  ('60', '83', '1995-04-10 10:47:36'),
  ('64', '83', '1977-04-30 02:54:14'),
  ('66', '57', '1993-07-14 19:29:26'),
  ('66', '90', '2012-11-10 21:12:49'),
  ('69', '95', '1981-07-03 12:05:36'),
  ('70', '42', '1979-02-08 10:21:05'),
  ('71', '81', '1990-09-18 01:54:44'),
  ('72', '16', '1991-02-26 22:53:47'),
  ('77', '23', '2013-01-15 09:45:16'),
  ('78', '18', '2000-04-05 18:15:09'),
  ('78', '47', '2012-02-10 21:32:26'),
  ('78', '76', '2019-05-17 11:39:49'),
  ('80', '96', '2011-07-20 00:31:03'),
  ('81', '35', '1998-06-11 12:15:14'),
  ('82', '96', '1970-09-30 13:13:16'),
  ('84', '77', '1980-02-23 23:49:17'),
  ('85', '12', '2010-02-06 02:21:17'),
  ('85', '65', '1982-10-29 16:09:47'),
  ('85', '67', '2003-06-27 07:50:43'),
  ('85', '87', '1994-02-04 19:24:38'),
  ('86', '89', '1988-05-29 18:25:06'),
  ('86', '100', '2009-03-31 16:53:09'),
  ('90', '1', '1994-09-28 23:41:52'),
  ('91', '69', '2002-05-03 09:00:49'),
  ('91', '78', '2000-05-07 17:36:26'),
  ('92', '91', '1997-01-22 01:06:22'),
  ('95', '36', '2004-07-01 12:30:11'),
  ('98', '35', '1977-08-05 20:50:27'),
  ('99', '43', '2013-03-30 21:09:45'),
  ('100', '31', '1976-08-07 11:38:14'),
  ('100', '56', '1990-04-25 10:09:01');

drop table if exists likes_posts;
create table if not exists likes_posts (
	user_id bigint unsigned,
	post_id bigint unsigned,
	created_at datetime default current_timestamp,
	primary key(user_id, post_id),
	foreign key (user_id) references users(id),
	foreign key (post_id) references posts(id)
);

INSERT INTO likes_posts VALUES
  ('2', '43', '1981-11-06 17:22:49'),
  ('2', '89', '1978-10-16 23:03:22'),
  ('3', '85', '1989-12-29 21:18:20'),
  ('4', '85', '2002-09-10 15:06:44'),
  ('5', '96', '1974-10-28 13:24:36'),
  ('6', '6', '2011-04-25 11:53:35'),
  ('7', '10', '2012-07-12 21:52:20'),
  ('7', '26', '2008-05-10 22:03:38'),
  ('9', '29', '1974-12-05 02:51:54'),
  ('10', '57', '1974-07-01 13:28:50'),
  ('12', '49', '1982-11-30 19:37:02'),
  ('14', '68', '2017-03-30 08:14:49'),
  ('15', '37', '1983-11-11 19:53:40'),
  ('17', '59', '1981-07-20 23:04:54'),
  ('18', '55', '1974-11-04 21:19:14'),
  ('18', '76', '1992-11-02 14:29:13'),
  ('18', '98', '1976-08-01 14:01:15'),
  ('19', '79', '1988-08-12 23:37:02'),
  ('20', '64', '1980-04-02 05:37:44'),
  ('21', '39', '1993-02-27 06:30:00'),
  ('23', '54', '1998-06-26 09:17:47'),
  ('23', '59', '2009-08-12 08:10:53'),
  ('23', '94', '2005-06-29 01:42:33'),
  ('26', '91', '2000-04-17 15:30:39'),
  ('29', '5', '1981-04-23 18:20:55'),
  ('29', '77', '1992-11-17 13:00:31'),
  ('30', '34', '2019-01-16 15:09:03'),
  ('35', '80', '2001-07-08 05:25:14'),
  ('36', '86', '1974-02-04 16:19:27'),
  ('38', '41', '1992-03-31 12:47:49'),
  ('38', '52', '1990-07-01 03:52:46'),
  ('38', '97', '2011-09-27 17:15:43'),
  ('39', '41', '1991-08-10 02:25:00'),
  ('40', '9', '2006-03-24 11:01:17'),
  ('42', '73', '2015-01-15 08:15:20'),
  ('45', '41', '1993-09-28 07:07:45'),
  ('46', '38', '2015-07-23 07:19:18'),
  ('47', '18', '2007-07-14 01:44:35'),
  ('47', '66', '1980-09-26 02:53:09'),
  ('48', '35', '1976-05-14 08:21:28'),
  ('49', '16', '2013-07-27 14:50:57'),
  ('49', '44', '2010-06-03 21:13:11'),
  ('50', '5', '2018-12-15 20:15:32'),
  ('50', '14', '1982-10-19 14:54:31'),
  ('50', '32', '2014-05-13 16:41:38'),
  ('50', '49', '2008-08-13 20:59:35'),
  ('51', '7', '2015-07-08 09:24:05'),
  ('51', '68', '1976-03-20 22:52:10'),
  ('52', '11', '1974-09-29 08:05:26'),
  ('52', '51', '1997-06-17 06:19:43'),
  ('52', '79', '1983-09-06 23:09:37'),
  ('53', '56', '2006-12-28 21:53:14'),
  ('56', '34', '1992-05-21 10:00:44'),
  ('56', '47', '1993-05-27 19:00:36'),
  ('56', '48', '2012-08-01 10:18:34'),
  ('56', '66', '1975-07-01 09:52:21'),
  ('57', '13', '1991-11-29 21:47:02'),
  ('59', '2', '2003-01-09 05:00:30'),
  ('59', '52', '2017-12-11 09:22:31'),
  ('60', '20', '1974-07-08 10:32:08'),
  ('61', '84', '2004-09-08 18:08:13'),
  ('63', '32', '1995-02-21 01:35:03'),
  ('65', '99', '1994-05-25 14:26:09'),
  ('67', '44', '2004-12-21 14:40:11'),
  ('68', '50', '1978-12-10 21:52:38'),
  ('68', '59', '2012-05-03 18:48:52'),
  ('69', '36', '2013-12-16 21:56:58'),
  ('70', '90', '1978-01-31 19:00:37'),
  ('72', '19', '2011-01-12 16:54:26'),
  ('76', '48', '1981-09-08 15:27:46'),
  ('76', '53', '1985-09-13 16:20:19'),
  ('76', '88', '1975-01-15 12:43:04'),
  ('77', '77', '1993-06-23 09:16:41'),
  ('82', '49', '2014-08-01 01:58:45'),
  ('84', '96', '1998-12-01 21:28:27'),
  ('85', '31', '1982-06-21 11:26:37'),
  ('85', '61', '1991-12-31 17:31:40'),
  ('85', '62', '1994-05-04 13:17:03'),
  ('88', '46', '2013-12-07 01:54:29'),
  ('88', '69', '2019-06-04 07:35:56'),
  ('88', '93', '2003-07-09 03:43:23'),
  ('89', '8', '1974-10-28 08:57:20'),
  ('89', '61', '2020-07-31 07:20:26'),
  ('89', '100', '1997-06-20 13:06:37'),
  ('90', '17', '1986-04-17 22:56:57'),
  ('90', '80', '2018-07-22 15:34:47'),
  ('90', '94', '1992-08-10 20:37:20'),
  ('91', '42', '2020-04-07 13:14:22'),
  ('91', '59', '1999-07-27 03:47:22'),
  ('91', '68', '1993-12-07 08:18:04'),
  ('91', '86', '2002-06-13 12:52:47'),
  ('92', '27', '2014-04-01 02:42:29'),
  ('95', '13', '1978-12-10 06:29:03'),
  ('95', '40', '2020-01-22 17:52:54'),
  ('96', '95', '1988-11-13 10:18:44'),
  ('97', '46', '2001-03-16 21:28:16'),
  ('97', '53', '1993-03-05 20:28:29'),
  ('99', '43', '1992-03-21 17:38:15'),
  ('100', '29', '1988-02-21 08:03:40'),
  ('100', '59', '2005-12-28 07:43:11');

alter table users change home_town hometown varchar(100); -- смена названия колонки
alter table friend_requests modify status enum ('requested', 'approved', 'unfriended', 'declined') default 'requested'; -- сменил значение по умолчанию
 
-- insert

insert into users values
	(default, 'Карпенко', 'Виталий', 'karpvit@mail.ru', '+79855689545', '1997-09-23', 'Красноярск', 'male', null, default, default, 'dsvasdvas89a7sdvasdv98as9vggasdfsdfad7fa');

insert into users set
	firstname = 'Оксана',
	lastname = 'Федорчук',
	email = 'oxifedor@yandex.ru',
	phone = '+79234567892',
	gender = 'female',
	birthday = '1990-02-17',
	home_town = 'Нижний Тагил',
	pass = 'h9h9gsdfg9df8g09r23434ljng880aesffwej';

INSERT INTO users (firstname,lastname,email,phone,gender,birthday,home_town,photo_id,pass,created_at) VALUES 
    ('Дарья','Попова','rthomazinb@ox.ac.uk',8151557164,'female','1984-11-28','Воронеж',NULL,'32afa0b02c8399d1960509c3fbd4cc75ab4dcce2','2020-09-25 22:09:27.0'),
    ('Ирина','Гончарова','gambridgec@sakura.ne.jp',2907266453,'female','1984-08-24','Самара',NULL,'afd3e457d3b9f6f880623163ea8f72889777a58b','2020-09-25 22:09:27.0'),
    ('Марина','Закусилова','mantosikd@tinypic.com',5949091863,'female','1981-04-16','Новосибирск',NULL,'9154186410a62369bdf4fd2bd632ca3511b270a7','2020-09-25 22:09:27.0'),
    ('Елена','Нагина','rtabere@admin.ch',6966471579,'female','1988-08-10','Пермь',NULL,'9bc443a6e52541784d52b69acc39343526886b11','2020-09-25 22:09:27.0'),
    ('Валерия','Платошкина','ckendellf@bloglines.com',1078902682,'female','1980-01-07','Красноярск',NULL,'229aedb0a417bccab3ee0cbd89a4b1afaa080c51','2020-09-25 22:09:27.0'),
    ('Станислав','Светляков','amckeandg@behance.net',9642922963,'male','1984-05-19','Тюмень',NULL,'584b9241b06cfe87131bfdba7b53e877ec3bd940','2020-09-25 22:09:27.0'),
    ('Ирина','Черникова','csantryh@mit.edu',3118473791,'female','1982-10-20','Екатеринбург',NULL,'129797dcb95127ce0541faa8d91d8f1969da0f45','2020-09-25 22:09:27.0'),
    ('Алиса','Зайцева','dharcasei@dailymotion.com',4568198247,'female','1989-04-03','Воронеж',NULL,'ea63b484704b7a8316da4025260b864453adb948','2020-09-25 22:09:27.0'),
    ('Ольга','Застрожнова','drouthamj@senate.gov',9259428337,'female','1983-05-07','Москва',NULL,'9b1f31426e9caf75d46b9b4a7c58c1941daa33f0','2020-09-25 22:09:27.0'),
    ('Ирина','Сушкова','eshetliff0@virginia.edu',9442875153,'female','1984-12-19','Волгоград',NULL,'9d0f9f7cdbe467af211a5d5bc91e2e16da891521','2020-09-25 22:09:27.0'),
    ('Анна','Бавыкина','ldeguara1@bing.com',6774820315,'female','1982-04-19','Казань',NULL,'3866567f83079af02f517913d98a34e8a5514111','2020-09-25 22:09:27.0'),
    ('Марина','Киреева','cdominick2@cnn.com',4056088011,'female','1984-04-26','Казань',NULL,'37cda6f77b46bb92ebfea535bdd89d6a145ee28a','2020-09-25 22:09:27.0'),
    ('Елена','Михайлова','dbydaway3@hugedomains.com',2159168663,'female','1980-02-08','Красноярск',NULL,'340287d956987900a051e920136b2c1c17351321','2020-09-25 22:09:27.0'),
    ('Любовь','Чиликова','hpullin4@state.gov',2619617364,'female','1983-11-22','Тольятти',NULL,'d4a54226f86124d38f463d60c3658a32be191e0e','2020-09-25 22:09:27.0'),
    ('Елена','Селиванова','lhulme5@tamu.edu',1315489478,'female','1982-03-27','Волгоград',NULL,'4cbd30f625fd3440804baf6f509246e8ff81d46b','2020-09-25 22:09:27.0'),
    ('Сергей','Лисовой','ngrzesiak6@blogspot.com',1253462931,'male','1988-08-03','Краснодар',NULL,'89d65795895ed1c2f48114474ef37c92e1796dee','2020-09-25 22:09:27.0'),
    ('Михаил','Назарьев','ewathall7@slate.com',8696039405,'male','1984-06-06','Волгоград',NULL,'011af674acb2a19440bb6a013d33dd9a231d53a4','2020-09-25 22:09:27.0'),
    ('Алексей','Метлицкий','epindar8@oracle.com',2981339919,'male','1980-04-24','Краснодар',NULL,'e3e589b0cc498fb982ed1cbae5d20d3766e97b36','2020-09-25 22:09:27.0'),
    ('Эльвира','Белоусова','jdelacoste9@chicagotribune.com',4051023201,'female','1987-12-19','Челябинск',NULL,'2def62b6a77064a15b157222f1b43bb538a0293e','2020-09-25 22:09:27.0'),
    ('Екатерина','Власова','sdowgilla@salon.com',7146665929,'female','1984-04-11','Краснодар',NULL,'eb7fabdc4b4f70445a27467544e2a742dfad7bbb','2020-09-25 22:09:27.0'),
    ('Юрий','Волчкевич','mhouchenb@jalbum.net',5826283675,'male','1981-10-15','Воронеж',NULL,'1e65c000a98a92396d4ef31ec8d7740cbf578830','2020-09-25 22:09:27.0'),
    ('Евгений','Волынкин','rcogarc@storify.com',9707035248,'male','1981-03-19','Саратов',NULL,'3627f911a7a4141f007ff0d25aa85f061f734742','2020-09-25 22:09:27.0'),
    ('Владимир','Воробьев','gbartold@guardian.co.uk',8788528067,'male','1980-06-23','Красноярск',NULL,'0be3ef277eac3ac46d547b579848cea67e075952','2020-09-25 22:09:27.0'),
    ('Дмитрий','Лопухов','dcuffline@harvard.edu',7107508285,'male','1983-11-03','Нижний Новгород',NULL,'5d3e5e579aa758ea28c1f53a6de174ee1f714701','2020-09-25 22:09:27.0'),
    ('Ольга','Лохмачева','ctymf@uiuc.edu',6146928162,'female','1980-01-23','Самара',NULL,'f89b2d6443e511fd742d16a5404b19d541f89f10','2020-09-25 22:09:27.0'),
    ('Маргарита','Овчинникова','vshelveyg@census.gov',5013560236,'female','1981-05-20','Казань',NULL,'14aac374085e2782a8f1510f1bf49722b040731c','2020-09-25 22:09:27.0'),
    ('Вячеслав','Погорельский','sworboyh@about.me',6068012327,'male','1988-01-05','Пермь',NULL,'5530cf46cf0b1b5e787723e83012f93a5cd6b832','2020-09-25 22:09:27.0'),
    ('Владимир','Полищук','cmayhoi@xrea.com',6081230164,'male','1987-10-25','Ростов-на-Дону',NULL,'7ee4a9f5be784f551cfcb2d23698bc31b4e4069f','2020-09-25 22:09:27.0'),
    ('Игорь','Токарев','jromushkinj@census.gov',8843970434,'male','1985-07-08','Новосибирск',NULL,'a430faa2a1494af65cfa7cd72a7f46e1fad301c6','2020-09-25 22:09:27.0'),
    ('Евгений','Турбин','npesselk@buzzfeed.com',6414312198,'male','1987-08-18','Москва',NULL,'1fa46ebf47f51c03b98c8379934b4b0182853ec3','2020-09-25 22:09:27.0'),
    ('Анна','Колтакова','nhackettl@omniture.com',9059884608,'female','1989-03-04','Пермь',NULL,'e59558fde6118d3eb58c5b624bedf28b41da0ac7','2020-09-25 22:09:27.0'),
    ('Максим','Попов','cwillimentm@livejournal.com',6549392162,'male','1989-05-01','Санкт-Петербург',NULL,'1bc1a0536d38b6216b74a2819436ba0a925206c8','2020-09-25 22:09:27.0'),
    ('Юлия','Черепнина','civensn@deliciousdays.com',8361146361,'female','1982-04-09','Самара',NULL,'47c16b5079e4409b613bcedfe75fcfa8c486963f','2020-09-25 22:09:27.0'),
    ('Андрей','Мошкин','rbrougho@elegantthemes.com',7586396136,'male','1980-04-06','Екатеринбург',NULL,'ebb1057b6e438535963f3706ba15dd6a2df8926b','2020-09-25 22:09:27.0'),
    ('Евгений','Бучнев','aandersenp@cisco.com',8482399498,'male','1982-01-29','Тюмень',NULL,'9aeec57f845984b9ec57d44acd8d4990b2f21824','2020-09-25 22:09:27.0'),
    ('Екатерина','Кретинина','anorquoyq@home.pl',5605843880,'female','1989-07-09','Пермь',NULL,'b1ac483a02563c28d48284145535076aa39931ab','2020-09-25 22:09:27.0'),
    ('Павел','Трунтаев','bferrieresr@amazon.co.jp',8608680584,'male','1986-03-07','Уфа',NULL,'e430a8c6a2f7272b9e5f295a7ecac609555be589','2020-09-25 22:09:27.0'),
    ('Юлия','Печенкина','soffilers@biblegateway.com',1682297034,'female','1987-03-26','Краснодар',NULL,'8ac622757e94e702a3798d851b21d6d1d3ee5450','2020-09-25 22:09:27.0'),
    ('Михаил','Хрипков','srobilartt@wix.com',4765849891,'male','1987-02-04','Новосибирск',NULL,'44c2349e85e97eda950d824a82ab37c2da75bf92','2020-09-25 22:09:27.0'),
    ('Ольга','Черникова','adabbotdoyleu@latimes.com',3659256004,'female','1980-07-25','Самара',NULL,'151acd87edd4c6d68ce4a92bc846f2abeae49b8e','2020-09-25 22:09:27.0'),
    ('Максим','Бахтерев','gmedlerv@desdev.cn',7849899275,'male','1986-12-27','Санкт-Петербург',NULL,'4613c2845f696b03d37b801e0cdab710fb6beaea','2020-09-25 22:09:27.0'),
    ('Екатерина','Попова','pschonfelderw@icio.us',9788815521,'female','1989-01-09','Нижний Новгород',NULL,'3a4548bbbbed1c9d604750295dd22b34b706427f','2020-09-25 22:09:27.0'),
    ('Марина','Свиридова','klilleyx@ftc.gov',7449749232,'female','1982-12-26','Казань',NULL,'07dc7b613035be338b2d299bf481d9ced8731129','2020-09-25 22:09:27.0'),
    ('Сергей','Цурканов','dtribey@foxnews.com',9461404246,'male','1985-07-24','Казань',NULL,'4f2d890e00efe71d86b23d64aa3ab7c7f6c2262b','2020-09-25 22:09:27.0'),
    ('Алла','Толмачева','alukockz@google.co.jp',5057501481,'female','1984-08-18','Омск',NULL,'cd21e4ceb76f06cbe1d3ecd30345701dfc01f28c','2020-09-25 22:09:27.0'),
    ('Алексей','Суворов','acorrington10@barnesandnoble.com',2034001863,'male','1984-08-12','Санкт-Петербург',NULL,'7fe1c2e54c91bb20754abe19f3633ecb294f69ce','2020-09-25 22:09:27.0'),
    ('Виталия','Бредихина','lradbourn11@diigo.com',5033419317,'female','1988-09-01','Пермь',NULL,'a1313b86956b58564bf1bc069cfdeaec107b235b','2020-09-25 22:09:27.0'),
    ('Елена','Бумакова','hdudeney12@digg.com',6621801231,'female','1987-01-10','Москва',NULL,'b29ff9bce316ab42dfe8b8ae997b551fd05ba3a4','2020-09-25 22:09:27.0'),
    ('Галина','Максимова','bpressnell13@cargocollective.com',9315587169,'female','1988-05-14','Уфа',NULL,'3f88873d6babca57eb1c5371be6a431c415c6ae5','2020-09-25 22:09:27.0'),
    ('Евгения','Мельченко','gtaber14@ask.com',2634109732,'female','1981-07-24','Самара',NULL,'af711421307bf3ea53e2a1fd5c7cdc47bc0464d4','2020-09-25 22:09:27.0'),
    ('Татьяна','Переславцева','harchell15@businessinsider.com',9437670910,'female','1985-08-23','Омск',NULL,'6da0975df3909e3928a20d54fbbca3c0361ff060','2020-09-25 22:09:27.0'),
    ('Татьяна','Ситало','ssullly16@umn.edu',2822890926,'female','1988-02-03','Санкт-Петербург',NULL,'e02ed0156bcadbc65c407e4f6d0c907449dcfb49','2020-09-25 22:09:27.0'),
    ('Ирина','Анисимова','ndunkerly17@elpais.com',6667018887,'female','1989-11-15','Нижний Новгород',NULL,'e08d50568524e1712fd178b2d453eccaec3497d9','2020-09-25 22:09:27.0'),
    ('Наталья','Домарева','bbass18@cloudflare.com',4094890532,'female','1985-09-18','Уфа',NULL,'52bb52432e2afd23c8da1f5587ba6dcfc5321b3e','2020-09-25 22:09:27.0'),
    ('Ирина','Сидельникова','hrivett19@nyu.edu',3198003378,'female','1988-03-18','Красноярск',NULL,'ecabdafeec47fe7ae2303f3482e875ec47a504aa','2020-09-25 22:09:27.0'),
    ('Ираида','Воронюк','bpiggen1a@networkadvertising.org',6147416992,'female','1983-04-04','Москва',NULL,'efaf246cf8b3e0fe4795e9a6bc33e852dcf76bb2','2020-09-25 22:09:27.0'),
    ('Юлия','Азарова','epiers1b@constantcontact.com',5283489590,'female','1983-10-13','Казань',NULL,'c7f7a47fbda0cd6cd1e0d34265521b26dd561592','2020-09-25 22:09:27.0'),
    ('Мария','Ефимова','mizod1c@1und1.de',9077450643,'female','1988-06-04','Казань',NULL,'2cddeecac91feeb2f03c5b2eb5a0cda8407bf25b','2020-09-25 22:09:27.0'),
    ('Юлия','Кондратьева','iwhetnell1d@kickstarter.com',4854790930,'female','1981-07-19','Уфа',NULL,'1e570efd00e3262785cf1dcd9eb0dc4ecb6a213d','2020-09-25 22:09:27.0'),
    ('Юлия','Косарева','clamonby1e@boston.com',5239735195,'female','1987-11-04','Новосибирск',NULL,'659c44b7d1deec5ba15d5c2a24345a655f536cf8','2020-09-25 22:09:27.0'),
    ('Ирина','Лакомова','ssimeons1f@scribd.com',8902784216,'female','1981-11-11','Санкт-Петербург',NULL,'b48da6b9f87aa771566ab1d75cb69081105f6a50','2020-09-25 22:09:27.0'),
    ('Анна','Полуэктова','lroggerone1g@engadget.com',8414878509,'female','1981-10-20','Уфа',NULL,'2d10eec8cdac3f29976908c3efa65aed77028732','2020-09-25 22:09:27.0'),
    ('Ольга','Никулина','astandfield1h@themeforest.net',9347973825,'female','1989-09-28','Омск',NULL,'8113bb2b1039acc5d314fb74840c11963c2d0671','2020-09-25 22:09:27.0'),
    ('Юлия','Максименко','educkit1i@globo.com',4777653528,'female','1987-11-29','Новосибирск',NULL,'49c2e20c7e932772449c133770fcb6fababacdae','2020-09-25 22:09:27.0'),
    ('Татьяна','Асеева','khudless1j@oakley.com',9035161534,'female','1989-05-27','Волгоград',NULL,'5009a649664092e862d0eaaf055391e453889bbb','2020-09-25 22:09:27.0'),
    ('Екатерина','Шипилова','msandiland1k@unesco.org',4366159925,'female','1984-11-30','Пермь',NULL,'94b83db9e43e7aed7fa9bcf13adc71aa179f89cb','2020-09-25 22:09:27.0'),
    ('Елена','Янкова','mtrevers1l@amazon.com',7266747785,'female','1988-11-26','Новосибирск',NULL,'2cee62ceb700cc6f95e628d60a75b17b1732ef65','2020-09-25 22:09:27.0'),
    ('Евгений','Красавин','uruffle1m@free.fr',7366490172,'male','1984-10-16','Ростов-на-Дону',NULL,'b02744a3459bf40c24434c311c7028547ad70889','2020-09-25 22:09:27.0'),
    ('Анна','Яньшина','lpetruskevich1n@statcounter.com',8016989162,'female','1984-11-18','Воронеж',NULL,'3314213f61429d374db27ef36b8caf681f649050','2020-09-25 22:09:27.0'),
    ('Наталья','Мироненко','awinnett1o@hao123.com',5606350937,'female','1986-07-13','Екатеринбург',NULL,'012724188466775fd1b41ce9803a36dca24a63b6','2020-09-25 22:09:27.0'),
    ('Людмила','Дадонова','bfurphy1p@nifty.com',9375852898,'female','1982-06-07','Краснодар',NULL,'9f3614ed85067d90f9a882975f6a8d4dfc3f43df','2020-09-25 22:09:27.0'),
    ('Ольга','Мордасова','sstemp1q@theglobeandmail.com',6523490247,'female','1981-01-16','Краснодар',NULL,'44ffb111616d23edfc480f0639b63d4d065147aa','2020-09-25 22:09:27.0'),
    ('Елена','Рыжкова','gmazin1r@fotki.com',5301390113,'female','1986-06-25','Новосибирск',NULL,'c5e9fcc1e5c3991df06be270bdc1ccb4cd8c5ac1','2020-09-25 22:09:27.0'),
    ('Екатерина','Богомолова','lkrale1s@google.com.br',8271364242,'female','1982-03-10','Пермь',NULL,'99d6158bc261ca00d6dcf348dbf9ea368a1ae46b','2020-09-25 22:09:27.0'),
    ('Марина','Голощапова','ojosefs1t@shinystat.com',3192842536,'female','1988-06-07','Москва',NULL,'7ba41712fe6615ae0cf36ee45daf697ccb143563','2020-09-25 22:09:27.0'),
    ('Инна','Дибцева','apietesch1u@marketwatch.com',4447992090,'female','1986-12-17','Ростов-на-Дону',NULL,'3d7d5ac699eef8151fe1b7bfd533a321b56bb59d','2020-09-25 22:09:27.0'),
    ('Дмитрий','Попов','lgow1v@example.com',7897075774,'male','1981-08-23','Ростов-на-Дону',NULL,'176936e9534c8e4b7fa4e2823745770ee0b64880','2020-09-25 22:09:27.0'),
    ('Галина','Рукавицына','cmarte1w@globo.com',2396829153,'female','1986-03-14','Новосибирск',NULL,'e396e8928248b9331ee11b9c0c5a4653d6ad2fad','2020-09-25 22:09:27.0'),
    ('Никита','Рыкунов','lruddock1x@wikimedia.org',8866042922,'male','1981-09-03','Москва',NULL,'5750b294231512ca402800e4eef400036e08507d','2020-09-25 22:09:27.0'),
    ('Анастасия','Рыкунова','jscirman1y@about.me',9518059825,'female','1989-06-12','Красноярск',NULL,'deb3e4b9c818260e9adf17b225f45234390713cf','2020-09-25 22:09:27.0'),
    ('Юрий','Саблин','tkitchingman1z@omniture.com',9061846141,'male','1988-02-24','Тюмень',NULL,'dc4a7a560f689bf62ddc9aa22bbd64becceffca6','2020-09-25 22:09:27.0'),
    ('Алексей','Самсонов','mlangman20@biblegateway.com',6284148195,'male','1981-07-20','Екатеринбург',NULL,'3b802df74686705a1d5ed6c253b0d588bb02103c','2020-09-25 22:09:27.0'),
    ('Екатерина','Соколова','jtuff21@yandex.ru',6686191671,'female','1984-09-14','Волгоград',NULL,'32800bf3d9a44c1e74c4c697989d4d265c100716','2020-09-25 22:09:27.0'),
    ('Татьяна','Афанасьева','dtidbold22@forbes.com',4804069885,'female','1987-05-15','Москва',NULL,'fb762d0873e171610eace7e45c4728888990524d','2020-09-25 22:09:27.0'),
    ('Алексей','Болгов','hspivie23@artisteer.com',9391944702,'male','1987-11-26','Омск',NULL,'581e202c66b30b0c2382af4e8d3eac3c831d0ddd','2020-09-25 22:09:27.0'),
    ('Дмитрий','Древаль','dsimkiss24@youtu.be',8197243501,'male','1983-01-19','Краснодар',NULL,'6b1258bd81342cb6d68ecb3b2fbeeba913bf70f3','2020-09-25 22:09:27.0'),
    ('Максим','Дубатовкин','ttichelaar25@i2i.jp',1835522933,'male','1985-10-13','Москва',NULL,'0e903f53c20657667ee04e67eba9bf70d13e8248','2020-09-25 22:09:27.0'),
    ('Сергей','Простаков','vbyard26@dedecms.com',3912001914,'male','1980-03-11','Воронеж',NULL,'e0d1f2c5ea78335ecc106a2d371616cedfc21505','2020-09-25 22:09:27.0'),
    ('Александр','Пономарев','lduigenan27@list-manage.com',9018710320,'male','1986-12-08','Саратов',NULL,'8b8123b5ccb6aa6c06dbda8c75f91f62f44d5fe3','2020-09-25 22:09:27.0'),
    ('Андрей','Косяков','svery28@nsw.gov.au',1155125246,'male','1981-11-12','Казань',NULL,'965cbe4558dce829055d547a3866f7d982997940','2020-09-25 22:09:27.0'),
    ('Дмитрий','Косяков','slitzmann29@timesonline.co.uk',4947082181,'male','1983-03-05','Краснодар',NULL,'460c92435c10f0ae5c3bb7596bc3ed757cbee69f','2020-09-25 22:09:27.0'),
    ('Людмила','Скаба','jgiacomini2a@youtu.be',1236239169,'female','1989-01-28','Воронеж',NULL,'a1cc4ab2add1ed470fa93495ece29978a51f8c00','2020-09-25 22:09:27.0'),
    ('Дмитрий','Смольянинов','edurston2b@google.ca',2249473665,'male','1987-10-17','Тольятти',NULL,'1976170ea8cb1a94b5572e5e67baad29c1a569fa','2020-09-25 22:09:27.0'),
    ('Вячеслав','Допперт','kfoulks2c@sphinn.com',8301549057,'male','1981-10-02','Тюмень',NULL,'5de1843e1bce099134f41d1522c17363245fc778','2020-09-25 22:09:27.0'),
    ('Елена','Стрыгина','jboken2d@wordpress.com',1086531264,'female','1988-05-04','Волгоград',NULL,'deddfab8a1ec0d8b3395b3d692ddae01aafcfc22','2020-09-25 22:09:27.0'),
    ('Сергей','Анисимов','gcottage2e@prlog.org',5525263441,'male','1982-03-13','Саратов',NULL,'e6582cbf8420fc471078f4e118fade0afb9830eb','2020-09-25 22:09:27.0'),
    ('Вячеслав','Гамов','hstrotone2f@devhub.com',7393531761,'male','1982-11-10','Красноярск',NULL,'4fdd2cbb6dfa134449dc7c0186f8ab86c56058f2','2020-09-25 22:09:27.0'),
    ('Юрий','Довка','vtremmel2g@ed.gov',6139086790,'male','1980-01-29','Саратов',NULL,'c2230720a13c0dbe4123d982a09fdfb421d85ae1','2020-09-25 22:09:27.0'),
    ('Александр','Калинин','jcarlesso2h@google.co.jp',3392340667,'male','1982-10-29','Воронеж',NULL,'1e32b1e9e9066c24064cafebf9ed40aaf3aa647b','2020-09-25 22:09:27.0'),
    ('Николай','Пивоваров','mrucklidge2i@amazon.co.jp',7988872107,'male','1988-05-20','Краснодар',NULL,'204b2aedb33e12cdf4a3a0e9737e945870b17081','2020-09-25 22:09:27.0'),
    ('Алексей','Тимошенко','aprydie2j@vistaprint.com',6741632937,'male','1989-09-17','Саратов',NULL,'ce449325f74a523bc1556da3d19921c684259925','2020-09-25 22:09:27.0'),
    ('Екатерина','Богомолова','dbeardsall2k@dmoz.org',3151907707,'female','1988-12-27','Тольятти',NULL,'f1967dc12ed090fa0dd7259e2485cce97865e4d1','2020-09-25 22:09:27.0'),
    ('Марина','Голощапова','rbulford2l@goodreads.com',7783646176,'female','1986-02-11','Екатеринбург',NULL,'60ada1812162902fdf036cd8f41aed0b1ae31866','2020-09-25 22:09:27.0'),
    ('Инна','Дибцева','rblankenship2m@aol.com',4963297188,'female','1986-01-05','Волгоград',NULL,'74f7ad69beb17f40608046522c6cfe2ab75ffdfb','2020-09-25 22:09:27.0'),
    ('Дмитрий','Попов','lsiveter2n@cnbc.com',9517280949,'male','1982-02-26','Красноярск',NULL,'c99c810a5782926b16d2aae0f5a029c3ca0de755','2020-09-25 22:09:27.0'),
    ('Галина','Рукавицына','csamples2o@wordpress.com',3923826386,'female','1984-11-06','Челябинск',NULL,'3a19575039593db8300b30e3051cf15890783bbc','2020-09-25 22:09:27.0'),
    ('Никита','Рыкунов','bwhitby2p@furl.net',8487221955,'male','1984-06-03','Краснодар',NULL,'404bb0046780c0377ef1e96ce9001a701668c6c6','2020-09-25 22:09:27.0'),
    ('Анастасия','Рыкунова','sbearman2q@ebay.co.uk',8066940781,'female','1986-02-13','Тюмень',NULL,'2d9f4c408a47c268a31fc39809d2fb04a2a04ec3','2020-09-25 22:09:27.0'),
    ('Юрий','Саблин','kscobie2r@sciencedaily.com',8186433808,'male','1982-11-23','Уфа',NULL,'d0f98fc4b115f0ca2122f1ea0f53cdff006e0a90','2020-09-25 22:09:27.0'),
    ('Алексей','Самсонов','afickena@businessweek.com',1437600801,'male','1986-03-09','Самара',NULL,'a6042fbaffba5d97f05baf9bfe6163722d1d640d','2020-09-25 22:09:27.0'),
    ('Екатерина','Соколова','mbaynhamb@howstuffworks.com',9798286372,'female','1982-08-25','Пермь',NULL,'60fb33d672eff5d474f18309e11320f40b7e7b4f','2020-09-25 22:09:27.0'),
    ('Татьяна','Афанасьева','doxterbyc@ovh.net',5794027202,'female','1981-09-06','Волгоград',NULL,'9967a9836ae9a490691dc6a7abf921c13de7693b','2020-09-25 22:09:27.0'),
    ('Алексей','Болгов','ndurekd@facebook.com',4243478042,'male','1986-08-21','Челябинск',NULL,'f0fe0f1cc166c63a8a8ec4ed6b0d56d4a6dc12c5','2020-09-25 22:09:27.0'),
    ('Дмитрий','Древаль','echildse@sohu.com',7191538491,'male','1983-05-17','Красноярск',NULL,'c94230c5967832c1cab80d57668a6d2418f3ce0e','2020-09-25 22:09:27.0'),
    ('Максим','Дубоваткин','agrigorushkinf@infoseek.co.jp',5466692275,'male','1984-05-26','Волгоград',NULL,'81d0d1ebcd2d75030d7f2fceab8e229e2795b1f2','2020-09-25 22:09:27.0'),
    ('Сергей','Простаков','hmcganng@umn.edu',3805318987,'male','1987-02-03','Уфа',NULL,'b896871061ded2bcdd77430613f262046c0465e5','2020-09-25 22:09:27.0'),
    ('Александр','Пономарев','mcumberpatchh@macromedia.com',9972401583,'male','1984-07-17','Пермь',NULL,'4ecb30007604ee7baf41e5b68cf4bb5e45cfb9c9','2020-09-25 22:09:27.0'),
    ('Максим','Паршин','ebankei@senate.gov',1672124574,'male','1985-04-26','Санкт-Петербург',NULL,'7bc86a9ac9b93f30c1af49c7423cc27c2773bd57','2020-09-25 22:09:27.0'),
    ('Алексей','Петров','tbrandij@cyberchimps.com',6387066678,'male','1987-06-13','Краснодар',NULL,'6b3dd04daee595084ee9ff21279fe2b27cf87d3b','2020-09-25 22:09:27.0'),
    ('Николай','Сидоров','kbarthramk@springer.com',4521952112,'male','1984-09-21','Самара',NULL,'6c99e35fcb1313640ecc9ef074767cd912cb5fa3','2020-09-25 22:09:27.0'),
    ('Александр','Ворфоломеев','snewlandl@qq.com',4552946215,'male','1983-09-08','Челябинск',NULL,'9e27dbd35bf80d7b000b78987f8136742db78694','2020-09-25 22:09:27.0'),
    ('Алексей','Алехин','rstredderm@slideshare.net',5019199432,'male','1981-03-28','Екатеринбург',NULL,'162f709959774d806963d0f4cf7946c3fd2d8a48','2020-09-25 22:09:27.0'),
    ('Екатерина','Паршина','gpimn@github.com',8393364396,'female','1984-05-16','Челябинск',NULL,'6213391ec7ef13d231e308d9e37d27bc3826f5d0','2020-09-25 22:09:27.0'),
    ('Наталья','Трубицына','lbiniono@examiner.com',6376414090,'female','1987-08-20','Москва',NULL,'c416fe919541a2135942fae312c6b9fa450b9910','2020-09-25 22:09:27.0'),
    ('Екатерина','Паршина','jkreberp@i2i.jp',7506356015,'female','1987-08-27','Челябинск',NULL,'59c2c1bab5ce4f157ca65c0008d9dded06f77747','2020-09-25 22:09:27.0'),
    ('Евгения','Кривцова','mburnhamsq@baidu.com',1633500921,'female','1987-11-28','Красноярск',NULL,'d39dd4390bdcd9c5d439c0fe6a3c4a327af221eb','2020-09-25 22:09:27.0'),
    ('Анастасия','Бурмистрова','wlangtreer@example.com',9894901275,'female','1980-11-03','Уфа',NULL,'b703cb35fb2298673e577f461482a2faeaaf1eab','2020-09-25 22:09:27.0'),
    ('Елена','Воронова','cburlays@pen.io',2018695545,'female','1980-04-12','Тольятти',NULL,'b00c41bb74b9ae30d9513d48a1245e618fc5b210','2020-09-25 22:09:27.0'),
    ('Наталья','Заводскова','filymanovt@nydailynews.com',3372167202,'female','1986-10-29','Пермь',NULL,'1b79c1723c0a8c65120d12a6be69a8fb9970a5b6','2020-09-25 22:09:27.0'),
    ('Сергей','Воронин','ckluliseku@theguardian.com',2624066456,'male','1985-06-21','Тюмень',NULL,'d92336e60a1c39ef40a442db8758173836d127ad','2020-09-25 22:09:27.0'),
    ('Юлия','Баранова','fpointinv@yale.edu',8826412568,'female','1986-04-11','Челябинск',NULL,'6b3a60494a2592cf1f643059de580662cc6cc524','2020-09-25 22:09:27.0'),
    ('Марина','Семикоз','hsisnerosw@surveymonkey.com',2822165316,'female','1981-04-23','Самара',NULL,'b8d39e2a6a1b8add765f7f8cc02785f15d692c1c','2020-09-25 22:09:27.0'),
    ('Андрей','Буланый','gbretonx@clickbank.net',1823731974,'male','1989-06-04','Казань',NULL,'83097b2b4d64b3e3c90487facd26beb9515434f4','2020-09-25 22:09:27.0'),
    ('Мария','Тафинцева','smcivery@networkadvertising.org',9835391400,'female','1987-02-07','Екатеринбург',NULL,'97f853a5ca84ffbd28b671b50e4da74c31091289','2020-09-25 22:09:27.0'),
    ('Ольга','Аксененкова','cmacnamaraz@arstechnica.com',3841390714,'female','1984-05-14','Пермь',NULL,'c559cb1c9fc131914c12fe954f336adfcfce9dc0','2020-09-25 22:09:27.0'),
    ('Виктория','Лунева','mseamer10@uol.com.br',7213293360,'female','1985-04-28','Уфа',NULL,'8d9633614bbba01c2321c8ae792e81076353018e','2020-09-25 22:09:27.0'),
    ('Александр','Федоров','mjanew11@tuttocitta.it',5226134225,'male','1986-12-29','Саратов',NULL,'bc80127d933e0d328ecdae39339f46eee4466085','2020-09-25 22:09:27.0'),
    ('Любовь','Корчагина','isibbald12@livejournal.com',9967628912,'female','1980-09-13','Омск',NULL,'83ddcad57c2f0fdad119f7ef5b0868b5bbc6db39','2020-09-25 22:09:27.0'),
    ('Ольга','Щербинина','ocuardall13@mashable.com',9827001278,'female','1983-02-13','Нижний Новгород',NULL,'7d73b3cf8f25f66e0dcda5cdf5b86cc95a40087f','2020-09-25 22:09:27.0'),
    ('Александр','Лебедев','cwelbourn14@unblog.fr',1243478465,'male','1982-09-05','Воронеж',NULL,'7d5b5340ccd8aa195530d45b0d531874c3157744','2020-09-25 22:09:27.0'),
    ('Павел','Островерхов','mheyball15@wordpress.com',9958667317,'male','1980-04-20','Ростов-на-Дону',NULL,'38ceff79c9a3dc3022a29d4a321b8e1c1f9d573c','2020-09-25 22:09:27.0'),
    ('Юлия','Гаршина','wbirth16@virginia.edu',4644317051,'female','1982-11-19','Челябинск',NULL,'0705130b93d6ad48ed4a4cf1121b6c2da22451a5','2020-09-25 22:09:27.0'),
    ('Юлия','Якушева','tpenas17@yahoo.com',5124099962,'female','1986-12-01','Казань',NULL,'a4855604e4b371d4fc08269aadf4e53f41572af2','2020-09-25 22:09:27.0'),
    ('Александр','Поротиков','nwinder18@mail.ru',2443934792,'male','1989-01-27','Ростов-на-Дону',NULL,'7736a217376b568df8b3ccf9abb2b33d369651ab','2020-09-25 22:09:27.0'),
    ('Антон','Гончаров','lforsard19@spotify.com',3353138089,'male','1984-05-12','Воронеж',NULL,'5e89b185348a2952d14d63ca8a8e918cbe76ffb6','2020-09-25 22:09:27.0'),
    ('Юлия','Захарова','sfenech1a@multiply.com',9601298201,'female','1988-05-29','Тюмень',NULL,'29836521a8aaf747e81a4b73815567d2f0c391f2','2020-09-25 22:09:27.0'),
    ('Елена','Тарасова','jlehrle1b@trellian.com',3135058629,'female','1985-05-20','Челябинск',NULL,'1a774e0a50f50122bf651dfcac8fbd7093fbadfe','2020-09-25 22:09:27.0'),
    ('Татьяна','Белоусова','rrowbrey1c@engadget.com',9137682198,'female','1989-04-11','Пермь',NULL,'6612e2fcf05eb06abf6a270836c6bb0929881d2d','2020-09-25 22:09:27.0'),
    ('Кристина','Комова','gboken1d@pbs.org',7535680736,'female','1983-08-14','Санкт-Петербург',NULL,'bb35c705937669867fcb722070e7beb2d10ab622','2020-09-25 22:09:27.0'),
    ('Максим','Никитин','ebakhrushin1e@nationalgeographic.com',7735098294,'male','1980-05-29','Краснодар',NULL,'ae2706b4f4b393f95331b1686ed391bc4d5c997a','2020-09-25 22:09:27.0'),
    ('Оксана','Снегирева','rdrugan1f@domainmarket.com',7267503662,'female','1986-05-20','Волгоград',NULL,'117e128e47bf9990fb42667c532fea870148154e','2020-09-25 22:09:27.0'),
    ('Виктория','Руднева','ladamec1g@businessweek.com',6437005614,'female','1981-06-21','Пермь',NULL,'e161196978199abbf0aae9db3646c92160edb97a','2020-09-25 22:09:27.0'),
    ('Елена','Аржанова','sdehooch1h@liveinternet.ru',3264294858,'female','1980-11-03','Тюмень',NULL,'27a45adcbb383228b8998eb3074059471a3143f0','2020-09-25 22:09:27.0'),
    ('Федор','Шипко','glammertz1i@go.com',8854406327,'male','1989-05-14','Самара',NULL,'f6576f732765b8b40fd758bcc0a83b65dea45ca1','2020-09-25 22:09:27.0'),
    ('Юлия','Тамбовцева','ghuzzey1j@creativecommons.org',5792854326,'female','1983-01-10','Саратов',NULL,'27c2a6980f55455a7de39f0f4afbe96a112ae5c7','2020-09-25 22:09:27.0'),
    ('Ольга','Козаренко','tcubbini1k@list-manage.com',8076928589,'female','1981-09-01','Краснодар',NULL,'8da5db5f87ef06c2f7fb67846068d728e1f4fde2','2020-09-25 22:09:27.0'),
    ('Наталья','Волкова','pdanels1l@studiopress.com',3467878579,'female','1985-12-07','Омск',NULL,'60c3e33d3702766312b99c42d1be3a98b5e3eeaa','2020-09-25 22:09:27.0'),
    ('Юлия','Лысакова','mlarrett1m@china.com.cn',6804310209,'female','1981-06-26','Саратов',NULL,'3cfb6181608ca073d4d59432c71d36ce3fb1bdbe','2020-09-25 22:09:27.0'),
    ('Владимир','Почепцов','dswancott1n@time.com',4101819985,'male','1987-01-02','Нижний Новгород',NULL,'c3b0adc093cbc45a0e02275a13a1f7e3609b257e','2020-09-25 22:09:27.0'),
    ('Евгения','Конникова','cmorsey1o@purevolume.com',4578422856,'female','1989-10-09','Волгоград',NULL,'9f85a0b32ae7fb3e952fa6f38de5a5405fc03810','2020-09-25 22:09:27.0'),
    ('Наталья','Козлитина','bkennler1p@reddit.com',5302291765,'female','1983-03-02','Новосибирск',NULL,'c75642bc2173f416bae563603aef9c3cee7a220e','2020-09-25 22:09:27.0'),
    ('Марат','Назмиев','chuckett1q@istockphoto.com',3696664396,'male','1989-02-16','Санкт-Петербург',NULL,'632cad88930380e011ef6423ac7a615cb62d81c7','2020-09-25 22:09:27.0'),
    ('Дмитрий','Тимашов','dhowbrook1r@go.com',4771920220,'male','1983-02-13','Тюмень',NULL,'38860af616b46f31444b2e0e570318a3b6491f77','2020-09-25 22:09:27.0'),
    ('Александр','Маричев','mosiaghail1s@dagondesign.com',1703242914,'male','1981-08-01','Казань',NULL,'6403618b2d91965c995eeb165fb1810c5494a3e1','2020-09-25 22:09:27.0'),
    ('Дина','Савельева','tvanni1t@soundcloud.com',1277342028,'female','1987-12-03','Ростов-на-Дону',NULL,'1e031de4f2b7a76c2f622b63cb1c6844c90094ec','2020-09-25 22:09:27.0'),
    ('Федор','Шипко','athickin1u@linkedin.com',5234996624,'male','1989-02-21','Санкт-Петербург',NULL,'9f02e6161b06ca3568c93d900f54cf24334c6c97','2020-09-25 22:09:27.0'),
    ('Василий','Безрученко','dhaylands1v@list-manage.com',3877536636,'male','1982-04-26','Санкт-Петербург',NULL,'8b70f86d265f5e021b157d3ead188efb0ea3374f','2020-09-25 22:09:27.0'),
    ('Дмитрий','Литаврин','gtaplow1w@imgur.com',9947066870,'male','1983-05-10','Омск',NULL,'5ea7a3f00a784345a7c7df7dbf303921565c4bf2','2020-09-25 22:09:27.0'),
    ('Константин','Стародубцев','ccatto1x@intel.com',9286831036,'male','1986-08-23','Волгоград',NULL,'fabb15a627158fbc7f8be2119755ef0ecf08e81a','2020-09-25 22:09:27.0'),
    ('Ольга','Кузнецова','jselway1y@odnoklassniki.ru',3532624836,'female','1986-09-15','Нижний Новгород',NULL,'0558138813a372455cce703fefc719b65604da68','2020-09-25 22:09:27.0'),
    ('Антон','Борников','goflaherty1z@umich.edu',7377444639,'male','1983-02-10','Казань',NULL,'73351c9bf23a7e4e03f29ebd37b949ae1b866d09','2020-09-25 22:09:27.0'),
    ('Роман','Тарарыков','bhercules20@ycombinator.com',3451661646,'male','1988-04-13','Саратов',NULL,'ab4de688bf85cf865982dc2f2dc5a7e062ba54e5','2020-09-25 22:09:27.0'),
    ('Ольга','Ищенко','njirzik21@utexas.edu',1132812314,'female','1985-12-04','Екатеринбург',NULL,'843d6df418382066775420211bf9f923b6885c62','2020-09-25 22:09:27.0'),
    ('Павел','Трунтаев','lbradbeer22@pinterest.com',2312476133,'male','1985-05-21','Тольятти',NULL,'a34f88e21214740c1f0713a0b7158f035371ae52','2020-09-25 22:09:27.0'),
    ('Марина','Власова','vtosney23@lycos.com',5978627731,'female','1983-09-18','Санкт-Петербург',NULL,'a90f3046a469a20d596d46f5868a3236cb56b410','2020-09-25 22:09:27.0'),
    ('Сергей','Беляев','pfairnington24@baidu.com',2489356708,'male','1986-07-11','Уфа',NULL,'78239b73d2286ecc07f0931666564f334b39bf0e','2020-09-25 22:09:27.0'),
    ('Татьяна','Морозова','jskellion25@about.me',8806637099,'female','1989-07-02','Екатеринбург',NULL,'ef981b22143faa2ddd2e3e7938bf604de1020059','2020-09-25 22:09:27.0'),
    ('Татьяна','Нестерова','lnealon26@hexun.com',9413536022,'female','1986-05-01','Казань',NULL,'5eccaf8d7038358b307c14336cd565cb49f365c3','2020-09-25 22:09:27.0'),
    ('Евгений','Волынкин','bpresland27@ihg.com',5752887260,'male','1989-09-16','Москва',NULL,'c2b671c251b4ed3838644585b047d0a1a3704133','2020-09-25 22:09:27.0'),
    ('Надежда','Реукова','cemlyn28@wikispaces.com',9404156548,'female','1982-12-22','Казань',NULL,'95c0a7d5089c0ccf6fe8c88113462c2ab6950a17','2020-09-25 22:09:27.0'),
    ('Марина','Лямзина','lokinedy29@aboutads.info',5614317170,'female','1984-02-11','Екатеринбург',NULL,'425f5bab4afc290c1ec5e904cbed27fcf4c97f71','2020-09-25 22:09:27.0'),
    ('Любовь','Карташова','ewestgarth2a@home.pl',9468369832,'female','1981-12-25','Тольятти',NULL,'4b069e5454103bc745477798dd66ea134c242a92','2020-09-25 22:09:27.0'),
    ('Алексей','Золототрубов','adebell2b@netlog.com',2003010211,'male','1984-08-30','Красноярск',NULL,'2d7566a285d69d24b2ad0753bbaeddc945aecc83','2020-09-25 22:09:27.0'),
    ('Татьяна','Гуляева','cwinchcomb2c@friendfeed.com',9006045417,'female','1989-07-27','Воронеж',NULL,'c4ec50ac1c3064f80f4cfd877ba2563928a33e27','2020-09-25 22:09:27.0'),
    ('Юлия','Сысоева','yzanardii2d@google.com.au',9613106434,'female','1987-11-14','Новосибирск',NULL,'87acb7a49196ed113ddf732a9a41a1291a68cb87','2020-09-25 22:09:27.0'),
    ('Александр','Борисов','jpierce2e@ftc.gov',6559915444,'male','1982-05-17','Краснодар',NULL,'10253a915f1b47f3032c84c71d7fd86a5a6624e8','2020-09-25 22:09:27.0'),
    ('Анатолий','Косинов','lbottini2f@whitehouse.gov',3036324530,'male','1983-06-01','Самара',NULL,'d1532c3b8e8682bc769b2606320a1a0f54fc5925','2020-09-25 22:09:27.0'),
    ('Ольга','Меланьина','wweaben2g@amazon.com',3193637029,'female','1981-05-06','Красноярск',NULL,'6df61ed9ad812e2f327ae87bc855302c28f1c2e0','2020-09-25 22:09:27.0'),
    ('Ольга','Дубищева','dborrow2h@oaic.gov.au',3234549546,'female','1987-04-11','Москва',NULL,'4e33f3ac62368f7104b84612d0b1ab5181cdd11b','2020-09-25 22:09:27.0'),
    ('Федор','Шипко','pcoverdill2i@youtube.com',9608691146,'male','1984-06-14','Ростов-на-Дону',NULL,'5ccde04c88913a29f096d5ccfc1e9ec0cce67a71','2020-09-25 22:09:27.0'),
    ('Татьяна','Севостьянова','lbaldam2j@qq.com',8065210191,'female','1980-07-11','Новосибирск',NULL,'26a73caff7a0774d854d085586394becd291dc84','2020-09-25 22:09:27.0'),
    ('Инна','Красникова','rdunstan2k@gmpg.org',2141664371,'female','1987-11-03','Казань',NULL,'b6f4fe122245e18ccbdf12bcf354bd693a87fedc','2020-09-25 22:09:27.0'),
    ('Светлана','Гарьковская','mmcglade2l@google.de',9804639490,'female','1981-05-20','Красноярск',NULL,'c6ae3d969345bc2cacf2cf324468e5bae8fd449c','2020-09-25 22:09:27.0'),
    ('Эльза','Самороковская','fantal2m@hp.com',8894215795,'female','1987-05-10','Красноярск',NULL,'e643ae9bdbefd5da4c4e18a47c46f2db8b33f603','2020-09-25 22:09:27.0'),
    ('Елена','Орлова','brichings2n@dropbox.com',3913069006,'female','1988-08-11','Самара',NULL,'5f37954b9fce380080982e51adba07e0718d0052','2020-09-25 22:09:27.0'),
    ('Галина','Стрельникова','lmundy2o@yellowbook.com',3699040307,'female','2020-09-05','Тюмень',NULL,'0b5fcf87309858b956cc164df1a61acf8ca4773a','2020-09-25 22:09:27.0'),
    ('Светлана','Назарова','aelsom2p@engadget.com',2811501912,'female','1984-04-07','Омск',NULL,'ad20ef3e300cc51ec105d937689feecfca82b66c','2020-09-25 22:09:27.0'),
    ('Антон','Шарыкин','sholleran2q@technorati.com',8866959892,'male','1989-03-04','Санкт-Петербург',NULL,'e28882d420f3f02df4ef85cf57a7900520dd19bf','2020-09-25 22:09:27.0'),
    ('Ирина','Хусаинова','jpalfreeman2r@example.com',6843424170,'female','1983-12-28','Тольятти',NULL,'b607f0f3ba714a20ee76785f523585be6fa4a022','2020-09-25 22:09:27.0');
 
insert into users (lastname, firstname, email, phone, pass) values
	('Никитина', 'Анжела', 'nickan@gmail.com', '+79852598765', 'sasd7v89sa79sad98c7s9dc7asdc7a7c7sd');

insert into users (lastname, firstname, email, phone, pass) values
	('Орлов', 'Андрей', 'nicka@gmail.com', '+79852598766', 'sasd7v89sa79sad98c7s9d459sdc7a7c7sd');
   
insert into users (firstname, lastname, email, phone, birthday, hometown, gender, pass)
	select firstname, lastname, email, phone, birthday, home_town, gender, pass from test.users;

insert into users (firstname, lastname, email, phone, birthday, hometown, gender, pass)
	select firstname, lastname, email, phone, birthday, home_town, gender, pass from test.users
	order by birthday desc limit 30;

insert into users (firstname, lastname, email, phone, birthday, hometown, gender, pass)
	select firstname, lastname, email, phone, birthday, home_town, gender, pass from test.users
	order by birthday desc limit 30,10;

-- select

select * from users; -- выбрать таблицу со всеми колонками

select * from users limit 15; -- выбираем первые 15 строк

select * from users limit 20 offset 15; -- пропускаем первые 15 строк и выбираем следующие 20
select * from users limit 15,20; -- аналог предыдущего, сокращенная запись

select lastname, firstname, phone, email from users; -- выбор определенных столбцов

select lastname, firstname, phone, email from users order by lastname asc; -- сортировка по возрастанию, asc можно не писать, это default
select lastname, firstname, phone, email from users order by lastname desc; -- сортировка по убыванию
select hometown, lastname, firstname, phone, email from users order by hometown, lastname, firstname; -- сортировка по нескольким столбцам
select hometown, lastname, firstname, phone, email from users order by hometown desc, lastname asc, firstname asc; -- сортировка по нескольким столбцам, города по убыванию, имена и фамилии по возрастанию

select 'Hello!'; -- вывод строки, аналог print пайтона
select 3*8; -- можно выполнять мат. операции

select concat(lastname, ' ', firstname) as person, phone from users; -- конкатенация строк с указанием имени колонки, as можно не писать
select concat(lastname, ' ', substring(firstname, 1,1), '.') as person, email from users; -- substring(firstname, 1,1) - обрезаем имя до первого символа

select distinct home_town from users; -- выбираем список городов без повторений

select * from users where hometown = 'Самара'; -- выбор пользователей по городу
select hometown, lastname, firstname from users
	where hometown = 'Самара' or hometown = 'Москва' or hometown = 'Челябинск'; -- выбор по нескольким городам с помощью or
select hometown, lastname, firstname from users 
	where hometown in ('Москва', 'Челябинск', 'Самара'); -- аналог вышенаписанного
select hometown, lastname, firstname, gender from users
	where hometown = 'Москва' or gender = 'male'; -- выбор или всех москвичей или всех мужчин
select hometown, lastname, firstname, gender from users
	where hometown = 'Москва' and gender = 'male'; -- выбор всех москвичей мужчин
select hometown, lastname, firstname from users where hometown != 'Москва'; -- всех немосквичей, != и <> - оба знака неравно

select lastname, firstname, birthday from users where birthday >= '1990-01-01'; -- выбор пользователей младше указанной даты
select lastname, firstname, birthday from users where birthday >= '1990-01-01' and birthday <= '1995-01-01'; -- выбор промежутка
select lastname, firstname, birthday from users where birthday between '1990-01-01' and '1995-01-01'; -- аналог предыдущего

select lastname, firstname from users where lastname like 'По%'; -- выбор пользователей, фамилии которых начинаются на 'По'
select lastname, firstname from users where lastname like '%ко'; -- выбор пользователей, фамилии которых заканчиваются на 'ко'
select lastname, firstname from users where lastname like 'Ши_ко'; -- 1 подчеркивание - пропущен 1 символ
select lastname, firstname from users where lastname like '_____'; -- каждое подчеркивание ровно 1 символ, в данном примере 5 подчеркиваний

select count(*) from users; -- подсчет всех строк таблицы (209)
select count(photo_id) from users; -- подсчет всех строк hoto_id без учета null(100)
select count(distinct hometown) from users; -- подсчет всех уникальных городов без повторений(122)
select hometown, count(*) from users group by hometown; -- группировка по городу и подсчет пользователей в каждом городе
select hometown, count(*) from users group by hometown having count(*) >= 10; -- то же, что и выше, но выбор города, в котором >= 10 пользователей

-- udate

update users set
	hometown = 'Якутск',
	birthday = '1980-01-01'
	where hometown is null;

update users set gender = 'female' where id = '477'; -- смена пола пользователя

-- delete

set foreign_key_checks = 0; -- отключение проверки внешних ключей
set foreign_key_checks = 1; -- включение проверки внешних ключей
delete from posts where id between 63 and 72;
delete from users where id between 463 and 467;




